datetime,waterlevel
7/4/2013 21:30,39.03338633
7/4/2013 21:40,39.03338633
7/4/2013 21:50,27
7/4/2013 22:00,28
7/4/2013 22:10,28
7/4/2013 22:20,28
7/4/2013 22:30,29
7/4/2013 22:40,24
7/4/2013 22:50,25
7/4/2013 23:00,27
7/4/2013 23:10,29
7/4/2013 23:20,30
7/4/2013 23:40,29
7/4/2013 23:41,29
7/4/2013 23:50,29
7/5/2013 00:00,29
7/5/2013 00:10,28
7/5/2013 00:20,29
7/5/2013 00:30,29
7/5/2013 00:40,29
7/5/2013 00:50,30
7/5/2013 01:00,30
7/5/2013 01:10,30
7/5/2013 01:20,30
7/5/2013 01:30,29
7/5/2013 01:40,30
7/5/2013 01:50,28
7/5/2013 02:00,30
7/5/2013 02:10,28
7/5/2013 02:20,31
7/5/2013 02:30,30
7/5/2013 02:40,31
7/5/2013 02:50,29
7/5/2013 03:00,31
7/5/2013 03:10,32
7/5/2013 03:20,32
7/5/2013 03:30,33
7/5/2013 03:40,32
7/5/2013 04:40,27
7/5/2013 04:50,31
7/5/2013 05:00,30
7/5/2013 05:10,30
7/5/2013 05:20,29
7/5/2013 05:30,29
7/5/2013 05:40,28
7/5/2013 05:50,27
7/5/2013 06:00,27
7/5/2013 06:10,24
7/5/2013 06:20,24
7/5/2013 07:41,17
7/5/2013 09:01,18
7/5/2013 10:41,15
7/5/2013 11:00,16
7/5/2013 11:10,11
7/5/2013 11:20,16
7/5/2013 11:30,10
7/5/2013 11:40,13
7/5/2013 11:50,12
7/5/2013 12:00,13
7/5/2013 12:10,13
7/5/2013 12:20,11
7/5/2013 12:30,13
7/5/2013 12:40,11
7/5/2013 12:50,12
7/5/2013 13:00,10
7/5/2013 13:10,10
7/5/2013 13:20,15
7/5/2013 13:30,14
7/5/2013 13:40,14
7/5/2013 13:50,15
7/5/2013 14:00,18
7/5/2013 14:10,13
7/5/2013 14:20,15
7/5/2013 14:30,10
7/5/2013 14:40,17
7/5/2013 14:41,13
7/5/2013 15:10,17
7/5/2013 15:20,19
7/5/2013 15:30,18
7/5/2013 15:40,20
7/5/2013 15:50,23
7/5/2013 16:00,22
7/5/2013 16:10,27
7/5/2013 16:20,24
7/5/2013 16:30,26
7/5/2013 16:40,28
7/5/2013 16:50,30
7/5/2013 17:00,30
7/5/2013 17:10,30
7/5/2013 17:20,28
7/5/2013 17:30,25
7/5/2013 17:40,30
7/5/2013 17:50,32
7/5/2013 18:00,31
7/5/2013 18:10,33
7/5/2013 18:20,33
7/5/2013 18:30,35
7/5/2013 18:40,35
7/5/2013 18:50,34
7/5/2013 19:00,37
7/5/2013 19:10,35
7/5/2013 19:20,36
7/5/2013 19:30,37
7/5/2013 19:40,40
7/5/2013 19:50,41
7/5/2013 20:00,40
7/5/2013 20:10,41
7/5/2013 20:20,40
7/5/2013 20:30,42
7/5/2013 20:40,41
7/5/2013 20:50,42
7/5/2013 21:00,45
7/5/2013 23:50,55
7/6/2013 00:00,57
7/6/2013 00:10,58
7/6/2013 00:20,58
7/6/2013 00:30,58
7/6/2013 00:40,58
7/6/2013 00:50,59
7/6/2013 01:00,59
7/6/2013 01:10,59
7/6/2013 01:20,59
7/6/2013 01:30,60
7/6/2013 01:40,59
7/6/2013 01:50,59
7/6/2013 02:00,60
7/6/2013 02:10,60
7/6/2013 02:20,61
7/6/2013 02:30,60
7/6/2013 02:40,58
7/6/2013 02:50,58
7/6/2013 03:00,58
7/6/2013 03:10,58
7/6/2013 03:20,61
7/6/2013 03:30,62
7/6/2013 03:40,61
7/6/2013 03:50,61
7/6/2013 04:00,61
7/6/2013 04:10,62
7/6/2013 04:20,62
7/6/2013 04:30,62
7/6/2013 04:40,63
7/6/2013 04:50,63
7/6/2013 05:00,63
7/6/2013 05:10,63
7/6/2013 05:20,62
7/6/2013 05:30,61
7/6/2013 05:40,61
7/6/2013 05:50,61
7/6/2013 06:00,63
7/6/2013 06:10,62
7/6/2013 06:20,63
7/6/2013 06:30,63
7/6/2013 06:40,62
7/6/2013 06:50,63
7/6/2013 07:00,62
7/6/2013 07:10,65
7/6/2013 07:20,67
7/6/2013 07:30,68
7/6/2013 07:40,70
7/6/2013 07:50,70
7/6/2013 08:00,71
7/6/2013 08:10,73
7/6/2013 08:20,74
7/6/2013 08:30,75
7/6/2013 08:40,77
7/6/2013 08:50,76
7/6/2013 09:00,79
7/6/2013 09:10,80
7/6/2013 09:20,80
7/6/2013 09:30,79
7/6/2013 09:40,80
7/6/2013 09:50,80
7/6/2013 10:00,81
7/6/2013 10:10,79
7/6/2013 10:20,82
7/6/2013 10:30,78
7/6/2013 10:40,81
7/6/2013 10:50,79
7/6/2013 11:00,83
7/6/2013 11:10,83
7/6/2013 11:20,82
7/6/2013 11:30,82
7/6/2013 11:40,82
7/6/2013 11:50,83
7/6/2013 12:00,81
7/6/2013 12:10,81
7/6/2013 12:20,80
7/6/2013 12:30,80
7/6/2013 12:40,79
7/6/2013 12:50,75
7/6/2013 13:00,79
7/6/2013 13:10,78
7/6/2013 13:20,77
7/6/2013 13:30,75
7/6/2013 13:40,77
7/6/2013 13:50,76
7/6/2013 14:00,75
7/6/2013 14:10,75
7/6/2013 14:20,76
7/6/2013 14:30,75
7/6/2013 14:40,75
7/6/2013 14:50,72
7/6/2013 15:00,73
7/6/2013 15:10,74
7/6/2013 15:20,73
7/6/2013 15:30,74
7/6/2013 15:40,73
7/6/2013 15:50,72
7/6/2013 16:00,73
7/6/2013 16:10,72
7/6/2013 16:20,72
7/6/2013 16:30,76
7/6/2013 16:40,77
7/6/2013 16:50,78
7/6/2013 17:00,79
7/6/2013 17:10,79
7/6/2013 17:20,81
7/6/2013 17:30,83
7/6/2013 17:40,84
7/6/2013 17:50,86
7/6/2013 18:00,86
7/6/2013 18:10,87
7/6/2013 18:20,87
7/6/2013 18:30,87
7/6/2013 18:40,87
7/6/2013 18:50,87
7/6/2013 19:00,88
7/6/2013 19:10,87
7/6/2013 19:20,87
7/6/2013 19:30,87
7/6/2013 19:40,87
7/6/2013 19:50,87
7/6/2013 20:00,86
7/6/2013 20:10,86
7/6/2013 20:20,86
7/6/2013 20:30,86
7/6/2013 20:40,86
7/6/2013 20:50,86
7/6/2013 21:00,86
7/6/2013 21:10,85
7/6/2013 21:20,85
7/6/2013 21:30,85
7/6/2013 21:40,84
7/6/2013 21:50,81
7/6/2013 22:00,81
7/6/2013 22:10,84
7/6/2013 22:20,83
7/6/2013 22:30,83
7/6/2013 22:40,82
7/6/2013 22:50,81
7/6/2013 23:00,82
7/6/2013 23:10,82
7/6/2013 23:20,82
7/6/2013 23:30,82
7/6/2013 23:40,82
7/6/2013 23:50,81
7/7/2013 00:00,81
7/7/2013 00:10,80
7/7/2013 00:20,80
7/7/2013 00:30,80
7/7/2013 00:40,80
7/7/2013 00:50,80
7/7/2013 01:00,79
7/7/2013 01:10,79
7/7/2013 01:20,79
7/7/2013 01:30,79
7/7/2013 01:40,78
7/7/2013 01:50,77
7/7/2013 02:00,77
7/7/2013 02:10,77
7/7/2013 02:20,77
7/7/2013 02:30,77
7/7/2013 02:40,76
7/7/2013 02:50,76
7/7/2013 03:00,76
7/7/2013 03:10,76
7/7/2013 03:20,75
7/7/2013 03:30,75
7/7/2013 03:40,75
7/7/2013 03:50,75
7/7/2013 04:00,75
7/7/2013 04:10,74
7/7/2013 04:20,74
7/7/2013 04:30,72
7/7/2013 04:40,74
7/7/2013 04:50,73
7/7/2013 05:00,72
7/7/2013 05:10,71
7/7/2013 05:20,69
7/7/2013 05:30,68
7/7/2013 05:40,67
7/7/2013 05:50,66
7/7/2013 06:00,66
7/7/2013 06:10,63
7/7/2013 06:20,63
7/7/2013 06:30,64
7/7/2013 06:40,62
7/7/2013 06:50,61
7/7/2013 07:00,60
7/7/2013 07:10,56
7/7/2013 07:20,59
7/7/2013 07:30,55
7/7/2013 07:40,53
7/7/2013 07:50,57
7/7/2013 08:00,56
7/7/2013 08:10,53
7/7/2013 08:20,57
7/7/2013 08:30,56
7/7/2013 08:40,56
7/7/2013 08:50,56
7/7/2013 09:00,55
7/7/2013 09:10,54
7/7/2013 09:20,53
7/7/2013 09:30,53
7/7/2013 09:40,54
7/7/2013 09:50,54
7/7/2013 10:00,54
7/7/2013 10:10,54
7/7/2013 10:20,49
7/7/2013 10:30,50
7/7/2013 10:40,50
7/7/2013 10:50,47
7/7/2013 11:00,48
7/7/2013 11:10,49
7/7/2013 11:20,50
7/7/2013 11:30,51
7/7/2013 11:40,51
7/7/2013 11:50,51
7/7/2013 12:00,52
7/7/2013 12:10,51
7/7/2013 12:20,52
7/7/2013 12:30,51
7/7/2013 12:40,51
7/7/2013 12:50,51
7/7/2013 13:00,50
7/7/2013 13:10,45
7/7/2013 13:20,46
7/7/2013 13:30,44
7/7/2013 13:40,46
7/7/2013 13:50,42
7/7/2013 14:00,44
7/7/2013 14:10,42
7/7/2013 14:20,44
7/7/2013 14:30,41
7/7/2013 14:40,43
7/7/2013 14:50,46
7/7/2013 15:00,47
7/7/2013 15:10,42
7/7/2013 15:20,44
7/7/2013 15:30,45
7/7/2013 15:40,46
7/7/2013 15:50,47
7/7/2013 16:00,51
7/7/2013 16:10,52
7/7/2013 16:20,52
7/7/2013 16:30,53
7/7/2013 16:40,54
7/7/2013 16:50,54
7/7/2013 17:00,56
7/7/2013 17:10,56
7/7/2013 17:20,56
7/7/2013 17:30,56
7/7/2013 17:40,56
7/7/2013 17:50,56
7/7/2013 18:00,56
7/7/2013 18:10,56
7/7/2013 18:20,56
7/7/2013 18:30,56
7/7/2013 18:40,54
7/7/2013 18:50,56
7/7/2013 19:00,56
7/7/2013 19:10,55
7/7/2013 19:20,55
7/7/2013 19:30,55
7/7/2013 19:40,55
7/7/2013 19:50,54
7/7/2013 20:00,54
7/7/2013 20:10,55
7/7/2013 20:20,55
7/7/2013 20:30,55
7/7/2013 20:40,55
7/7/2013 20:50,55
7/7/2013 21:00,54
7/7/2013 21:10,54
7/7/2013 21:20,54
7/7/2013 21:30,53
7/7/2013 21:40,53
7/7/2013 21:50,53
7/7/2013 22:00,52
7/7/2013 22:10,53
7/7/2013 22:20,53
7/7/2013 22:30,53
7/7/2013 22:40,53
7/7/2013 22:50,53
7/7/2013 23:00,53
7/7/2013 23:10,52
7/7/2013 23:20,52
7/7/2013 23:30,52
7/7/2013 23:40,52
7/7/2013 23:50,52
7/8/2013 00:00,52
7/8/2013 00:10,52
7/8/2013 00:20,51
7/8/2013 00:30,51
7/8/2013 00:40,51
7/8/2013 00:50,51
7/8/2013 01:00,51
7/8/2013 01:10,51
7/8/2013 01:20,50
7/8/2013 01:30,50
7/8/2013 01:40,50
7/8/2013 01:50,51
7/8/2013 02:00,51
7/8/2013 02:10,50
7/8/2013 02:20,50
7/8/2013 02:30,49
7/8/2013 02:40,49
7/8/2013 02:50,49
7/8/2013 03:00,49
7/8/2013 03:10,50
7/8/2013 03:20,49
7/8/2013 03:30,50
7/8/2013 03:40,50
7/8/2013 03:50,50
7/8/2013 04:00,50
7/8/2013 04:10,50
7/8/2013 04:20,50
7/8/2013 04:30,48
7/8/2013 04:40,49
7/8/2013 04:50,48
7/8/2013 05:00,50
7/8/2013 05:10,48
7/8/2013 05:20,50
7/8/2013 05:30,50
7/8/2013 05:40,49
7/8/2013 05:50,47
7/8/2013 06:00,49
7/8/2013 06:10,47
7/8/2013 06:20,46
7/8/2013 06:30,45
7/8/2013 06:40,45
7/8/2013 06:50,44
7/8/2013 07:00,42
7/8/2013 07:10,43
7/8/2013 07:20,42
7/8/2013 07:30,42
7/8/2013 07:40,39
7/8/2013 07:50,39
7/8/2013 08:00,38
7/8/2013 08:10,36
7/8/2013 08:20,34
7/8/2013 08:30,34
7/8/2013 08:40,33
7/8/2013 08:50,32
7/8/2013 09:00,27
7/8/2013 09:10,31
7/8/2013 09:20,31
7/8/2013 09:30,30
7/8/2013 09:40,30
7/8/2013 09:50,29
7/8/2013 11:00,30
7/8/2013 11:10,30
7/8/2013 11:20,28
7/8/2013 11:30,30
7/8/2013 11:40,29
7/8/2013 11:50,29
7/8/2013 12:00,28
7/8/2013 12:10,29
7/8/2013 12:20,28
7/8/2013 12:30,30
7/8/2013 12:40,28
7/8/2013 12:50,23
7/8/2013 13:00,24
7/8/2013 13:10,24
7/8/2013 13:20,26
7/8/2013 13:30,24
7/8/2013 13:40,26
7/8/2013 13:50,29
7/8/2013 14:00,30
7/8/2013 14:10,28
7/8/2013 14:20,31
7/8/2013 14:30,30
7/8/2013 14:40,26
7/8/2013 14:50,31
7/8/2013 15:00,29
7/8/2013 15:10,28
7/8/2013 15:20,34
7/8/2013 15:30,33
7/8/2013 15:40,33
7/8/2013 15:50,35
7/8/2013 16:00,32
7/8/2013 16:10,35
7/8/2013 16:20,34
7/8/2013 16:30,36
7/8/2013 16:40,35
7/8/2013 16:50,37
7/8/2013 17:00,37
7/8/2013 17:10,38
7/8/2013 17:20,37
7/8/2013 17:30,35
7/8/2013 17:40,37
7/8/2013 17:50,39
7/8/2013 18:00,39
7/8/2013 18:10,40
7/8/2013 18:20,41
7/8/2013 18:30,40
7/8/2013 18:40,41
7/8/2013 18:50,41
7/8/2013 19:00,41
7/8/2013 19:10,41
7/8/2013 19:20,42
7/8/2013 19:30,42
7/8/2013 19:40,40
7/8/2013 19:50,41
7/8/2013 20:00,43
7/8/2013 20:10,42
7/8/2013 20:20,41
7/8/2013 20:30,41
7/8/2013 20:40,40
7/8/2013 20:50,40
7/8/2013 21:00,41
7/8/2013 21:10,41
7/8/2013 21:20,40
7/8/2013 21:30,40
7/8/2013 21:40,40
7/8/2013 21:50,39
7/8/2013 22:00,39
7/8/2013 22:10,40
7/8/2013 22:20,41
7/8/2013 22:30,40
7/8/2013 22:40,40
7/8/2013 22:50,40
7/8/2013 23:00,41
7/8/2013 23:10,40
7/8/2013 23:20,41
7/8/2013 23:30,40
7/8/2013 23:40,38
7/8/2013 23:50,37
7/9/2013 00:00,38
7/9/2013 00:10,40
7/9/2013 00:20,40
7/9/2013 00:30,39
7/9/2013 00:40,40
7/9/2013 00:50,37
7/9/2013 01:00,39
7/9/2013 01:10,37
7/9/2013 01:20,39
7/9/2013 01:30,39
7/9/2013 01:40,39
7/9/2013 01:50,40
7/9/2013 02:00,39
7/9/2013 02:10,38
7/9/2013 02:20,40
7/9/2013 02:30,39
7/9/2013 02:40,39
7/9/2013 02:50,39
7/9/2013 03:00,38
7/9/2013 03:10,39
7/9/2013 03:20,38
7/9/2013 03:30,39
7/9/2013 03:40,38
7/9/2013 03:50,39
7/9/2013 04:00,39
7/9/2013 04:10,36
7/9/2013 04:20,39
7/9/2013 04:30,39
7/9/2013 04:40,39
7/9/2013 04:50,38
7/9/2013 05:00,39
7/9/2013 05:10,39
7/9/2013 05:20,40
7/9/2013 05:30,39
7/9/2013 05:40,40
7/9/2013 05:50,39
7/9/2013 06:00,40
7/9/2013 06:10,41
7/9/2013 06:20,40
7/9/2013 06:30,39
7/9/2013 06:40,38
7/9/2013 06:50,38
7/9/2013 07:00,37
7/9/2013 07:10,38
7/9/2013 07:20,37
7/9/2013 07:30,34
7/9/2013 07:40,34
7/9/2013 07:50,33
7/9/2013 08:00,33
7/9/2013 08:10,32
7/9/2013 08:20,29
7/9/2013 08:30,29
7/9/2013 08:40,27
7/9/2013 08:50,28
7/9/2013 09:00,22
7/9/2013 09:10,25
7/9/2013 09:20,27
7/9/2013 09:30,27
7/9/2013 09:40,27
7/9/2013 09:50,26
7/9/2013 10:00,25
7/9/2013 10:10,26
7/9/2013 10:20,24
7/9/2013 10:30,24
7/9/2013 10:40,22
7/9/2013 10:50,22
7/9/2013 11:00,23
7/9/2013 11:10,22
7/9/2013 11:20,22
7/9/2013 11:30,23
7/9/2013 11:40,23
7/9/2013 11:50,22
7/9/2013 12:00,23
7/9/2013 12:10,24
7/9/2013 12:20,21
7/9/2013 12:30,23
7/9/2013 12:40,21
7/9/2013 12:50,18
7/9/2013 13:00,23
7/9/2013 13:10,24
7/9/2013 13:20,19
7/9/2013 13:30,18
7/9/2013 13:40,23
7/9/2013 13:50,14
7/9/2013 14:00,20
7/9/2013 14:10,21
7/9/2013 14:20,18
7/9/2013 14:30,20
7/9/2013 14:40,20
7/9/2013 14:50,18
7/9/2013 15:00,25
7/9/2013 15:10,25
7/9/2013 15:20,25
7/9/2013 15:30,23
7/9/2013 15:40,27
7/9/2013 15:50,28
7/9/2013 16:00,26
7/9/2013 16:10,30
7/9/2013 16:20,31
7/9/2013 16:30,30
7/9/2013 16:40,28
7/9/2013 16:50,33
7/9/2013 17:00,31
7/9/2013 17:10,31
7/9/2013 17:20,32
7/9/2013 17:30,32
7/9/2013 17:40,32
7/9/2013 17:50,32
7/9/2013 18:00,31
7/9/2013 18:10,32
7/9/2013 18:20,28
7/9/2013 18:30,30
7/9/2013 18:40,30
7/9/2013 18:50,31
7/9/2013 19:00,30
7/9/2013 19:10,30
7/9/2013 19:20,50
7/9/2013 19:30,31
7/9/2013 19:40,31
7/9/2013 19:50,30
7/9/2013 20:00,30
7/9/2013 20:10,32
7/9/2013 20:20,32
7/9/2013 20:30,32
7/9/2013 20:40,31
7/9/2013 20:50,30
7/9/2013 21:00,30
7/9/2013 21:10,29
7/9/2013 21:20,29
7/9/2013 21:30,30
7/9/2013 21:40,29
7/9/2013 21:50,30
7/9/2013 22:00,29
7/9/2013 22:10,28
7/9/2013 22:20,28
7/9/2013 22:30,28
7/9/2013 22:40,27
7/9/2013 22:50,29
7/9/2013 23:00,26
7/9/2013 23:10,28
7/9/2013 23:20,28
7/9/2013 23:30,28
7/9/2013 23:40,28
7/9/2013 23:50,28
7/10/2013 00:00,28
7/10/2013 00:10,26
7/10/2013 00:20,26
7/10/2013 00:30,29
7/10/2013 00:40,29
7/10/2013 00:50,26
7/10/2013 01:00,27
7/10/2013 01:10,29
7/10/2013 01:20,27
7/10/2013 01:30,28
7/10/2013 01:40,29
7/10/2013 01:50,27
7/10/2013 02:00,30
7/10/2013 02:10,29
7/10/2013 02:20,29
7/10/2013 02:30,29
7/10/2013 02:40,29
7/10/2013 02:50,30
7/10/2013 03:00,30
7/10/2013 03:10,29
7/10/2013 03:20,28
7/10/2013 03:30,30
7/10/2013 03:40,30
7/10/2013 03:50,30
7/10/2013 04:00,30
7/10/2013 04:10,30
7/10/2013 04:20,30
7/10/2013 04:30,31
7/10/2013 04:40,31
7/10/2013 04:50,31
7/10/2013 05:00,32
7/10/2013 05:10,33
7/10/2013 05:20,33
7/10/2013 05:30,35
7/10/2013 05:40,36
7/10/2013 05:50,36
7/10/2013 06:00,36
7/10/2013 06:10,37
7/10/2013 06:20,38
7/10/2013 06:30,37
7/10/2013 06:40,37
7/10/2013 06:50,37
7/10/2013 07:00,38
7/10/2013 07:10,36
7/10/2013 07:20,39
7/10/2013 07:30,40
7/10/2013 07:40,40
7/10/2013 07:50,42
7/10/2013 08:00,43
7/10/2013 08:10,44
7/10/2013 08:20,45
7/10/2013 08:30,45
7/10/2013 08:40,46
7/10/2013 08:50,47
7/10/2013 09:00,47
7/10/2013 09:10,49
7/10/2013 09:20,48
7/10/2013 09:30,50
7/10/2013 09:40,50
7/10/2013 09:50,49
7/10/2013 10:00,50
7/10/2013 10:10,48
7/10/2013 10:20,47
7/10/2013 10:30,48
7/10/2013 10:40,48
7/10/2013 10:50,48
7/10/2013 11:00,48
7/10/2013 11:10,47
7/10/2013 11:20,48
7/10/2013 11:30,49
7/10/2013 11:40,47
7/10/2013 11:50,50
7/10/2013 12:00,49
7/10/2013 12:10,47
7/10/2013 12:20,52
7/10/2013 12:30,50
7/10/2013 12:40,51
7/10/2013 12:50,52
7/10/2013 13:00,52
7/10/2013 13:10,49
7/10/2013 13:20,52
7/10/2013 13:30,53
7/10/2013 13:40,52
7/10/2013 13:50,54
7/10/2013 14:00,55
7/10/2013 14:10,55
7/10/2013 14:20,54
7/10/2013 14:30,52
7/10/2013 14:40,49
7/10/2013 14:50,51
7/10/2013 15:00,52
7/10/2013 15:10,51
7/10/2013 15:20,51
7/10/2013 15:30,54
7/10/2013 15:40,52
7/10/2013 15:50,52
7/10/2013 16:00,52
7/10/2013 16:10,50
7/10/2013 16:20,50
7/10/2013 16:30,48
7/10/2013 16:40,50
7/10/2013 16:50,51
7/10/2013 17:00,48
7/10/2013 17:10,52
7/10/2013 17:20,52
7/10/2013 17:30,51
7/10/2013 17:40,53
7/10/2013 17:50,51
7/10/2013 18:00,54
7/10/2013 18:10,54
7/10/2013 18:20,56
7/10/2013 18:30,57
7/10/2013 18:40,58
7/10/2013 18:50,58
7/10/2013 19:00,58
7/10/2013 19:10,58
7/10/2013 19:20,58
7/10/2013 19:30,59
7/10/2013 19:40,58
7/10/2013 19:50,58
7/10/2013 20:00,58
7/10/2013 20:10,57
7/10/2013 20:20,57
7/10/2013 20:30,56
7/10/2013 20:40,57
7/10/2013 20:50,56
7/10/2013 21:00,56
7/10/2013 21:10,56
7/10/2013 21:20,55
7/10/2013 21:30,56
7/10/2013 21:40,55
7/10/2013 21:50,56
7/10/2013 22:00,55
7/10/2013 22:10,54
7/10/2013 22:20,55
7/10/2013 22:30,55
7/10/2013 22:40,54
7/10/2013 22:50,52
7/10/2013 23:00,53
7/10/2013 23:10,53
7/10/2013 23:20,54
7/10/2013 23:30,53
7/10/2013 23:40,53
7/10/2013 23:50,53
7/11/2013 00:00,52
7/11/2013 00:10,53
7/11/2013 00:20,50
7/11/2013 00:30,51
7/11/2013 00:40,52
7/11/2013 00:50,52
7/11/2013 01:00,50
7/11/2013 01:10,51
7/11/2013 01:20,51
7/11/2013 01:30,49
7/11/2013 01:40,51
7/11/2013 01:50,50
7/11/2013 02:00,49
7/11/2013 02:10,50
7/11/2013 02:20,50
7/11/2013 02:30,50
7/11/2013 02:40,50
7/11/2013 02:50,49
7/11/2013 03:00,49
7/11/2013 03:10,48
7/11/2013 03:20,49
7/11/2013 03:30,46
7/11/2013 03:40,48
7/11/2013 03:50,48
7/11/2013 04:00,48
7/11/2013 04:10,48
7/11/2013 04:20,48
7/11/2013 04:30,47
7/11/2013 04:40,47
7/11/2013 04:50,47
7/11/2013 05:00,48
7/11/2013 05:10,47
7/11/2013 05:20,48
7/11/2013 05:30,47
7/11/2013 05:40,47
7/11/2013 05:50,47
7/11/2013 06:00,47
7/11/2013 06:10,44
7/11/2013 06:20,46
7/11/2013 06:30,44
7/11/2013 06:40,44
7/11/2013 06:50,44
7/11/2013 07:00,43
7/11/2013 07:10,43
7/11/2013 07:20,42
7/11/2013 07:30,41
7/11/2013 07:40,41
7/11/2013 07:50,40
7/11/2013 08:00,39
7/11/2013 08:10,38
7/11/2013 08:20,38
7/11/2013 08:30,39
7/11/2013 08:40,37
7/11/2013 08:50,36
7/11/2013 09:00,35
7/11/2013 09:10,34
7/11/2013 09:20,34
7/11/2013 09:30,30
7/11/2013 09:40,33
7/11/2013 09:50,29
7/11/2013 10:00,34
7/11/2013 10:10,34
7/11/2013 10:20,37
7/11/2013 10:30,40
7/11/2013 10:40,37
7/11/2013 10:50,37
7/11/2013 11:00,41
7/11/2013 11:10,41
7/11/2013 11:20,43
7/11/2013 11:30,43
7/11/2013 11:40,45
7/11/2013 11:50,44
7/11/2013 12:00,42
7/11/2013 12:10,45
7/11/2013 12:20,49
7/11/2013 12:30,46
7/11/2013 12:40,51
7/11/2013 12:50,50
7/11/2013 13:00,51
7/11/2013 13:10,51
7/11/2013 13:20,52
7/11/2013 13:30,51
7/11/2013 13:40,55
7/11/2013 13:50,54
7/11/2013 14:00,48
7/11/2013 14:10,54
7/11/2013 14:20,51
7/11/2013 14:30,52
7/11/2013 14:40,52
7/11/2013 14:50,55
7/11/2013 15:00,52
7/11/2013 15:10,50
7/11/2013 15:20,52
7/11/2013 15:30,55
7/11/2013 15:40,51
7/11/2013 15:50,54
7/11/2013 16:00,53
7/11/2013 16:10,56
7/11/2013 16:20,55
7/11/2013 16:30,52
7/11/2013 16:40,51
7/11/2013 16:50,51
7/11/2013 17:00,54
7/11/2013 17:10,56
7/11/2013 17:20,53
7/11/2013 17:30,56
7/11/2013 17:40,56
7/11/2013 17:50,56
7/11/2013 18:00,58
7/11/2013 18:10,58
7/11/2013 18:20,60
7/11/2013 18:30,60
7/11/2013 18:40,58
7/11/2013 18:50,60
7/11/2013 19:00,60
7/11/2013 19:10,64
7/11/2013 19:20,61
7/11/2013 19:30,64
7/11/2013 19:40,64
7/11/2013 19:50,66
7/11/2013 20:00,63
7/11/2013 20:10,65
7/11/2013 20:20,65
7/11/2013 20:30,65
7/11/2013 20:40,64
7/11/2013 20:50,64
7/11/2013 21:00,64
7/11/2013 21:10,61
7/11/2013 21:20,64
7/11/2013 21:30,63
7/11/2013 21:40,64
7/11/2013 21:50,64
7/11/2013 22:00,62
7/11/2013 22:10,62
7/11/2013 22:20,61
7/11/2013 22:30,61
7/11/2013 22:40,60
7/11/2013 22:50,61
7/11/2013 23:00,59
7/11/2013 23:10,61
7/11/2013 23:20,60
7/11/2013 23:30,60
7/11/2013 23:40,59
7/11/2013 23:50,58
7/12/2013 00:00,58
7/12/2013 00:10,58
7/12/2013 00:20,58
7/12/2013 00:30,56
7/12/2013 00:40,57
7/12/2013 00:50,57
7/12/2013 01:00,57
7/12/2013 01:10,57
7/12/2013 01:20,57
7/12/2013 01:30,57
7/12/2013 01:40,55
7/12/2013 01:50,56
7/12/2013 02:00,56
7/12/2013 02:10,55
7/12/2013 02:20,54
7/12/2013 02:30,55
7/12/2013 02:40,54
7/12/2013 02:50,54
7/12/2013 03:00,54
7/12/2013 03:10,53
7/12/2013 03:20,53
7/12/2013 03:30,54
7/12/2013 03:40,53
7/12/2013 03:50,54
7/12/2013 04:00,53
7/12/2013 04:10,51
7/12/2013 04:20,51
7/12/2013 04:30,52
7/12/2013 04:40,52
7/12/2013 04:50,51
7/12/2013 05:00,50
7/12/2013 05:10,50
7/12/2013 05:20,51
7/12/2013 05:30,51
7/12/2013 05:40,51
7/12/2013 05:50,51
7/12/2013 06:00,51
7/12/2013 06:10,50
7/12/2013 06:20,50
7/12/2013 06:30,50
7/12/2013 06:40,50
7/12/2013 06:50,47
7/12/2013 07:00,47
7/12/2013 07:10,46
7/12/2013 07:20,45
7/12/2013 07:30,48
7/12/2013 07:40,43
7/12/2013 07:50,47
7/12/2013 08:00,48
7/12/2013 08:10,44
7/12/2013 08:20,47
7/12/2013 08:30,47
7/12/2013 08:40,47
7/12/2013 08:50,45
7/12/2013 09:00,45
7/12/2013 09:10,46
7/12/2013 09:20,46
7/12/2013 09:30,47
7/12/2013 09:40,46
7/12/2013 09:50,45
7/12/2013 10:00,40
7/12/2013 10:10,44
7/12/2013 10:20,43
7/12/2013 10:30,39
7/12/2013 10:40,41
7/12/2013 10:50,43
7/12/2013 11:00,44
7/12/2013 11:10,45
7/12/2013 11:20,44
7/12/2013 11:30,44
7/12/2013 11:40,44
7/12/2013 11:50,42
7/12/2013 12:00,41
7/12/2013 12:10,41
7/12/2013 12:20,42
7/12/2013 12:30,40
7/12/2013 12:40,41
7/12/2013 12:50,40
7/12/2013 13:00,40
7/12/2013 13:10,38
7/12/2013 13:20,40
7/12/2013 13:30,40
7/12/2013 13:40,40
7/12/2013 13:50,41
7/12/2013 14:00,41
7/12/2013 14:10,40
7/12/2013 14:20,40
7/12/2013 14:30,40
7/12/2013 14:40,39
7/12/2013 14:50,40
7/12/2013 15:00,40
7/12/2013 15:10,40
7/12/2013 15:20,40
7/12/2013 15:30,40
7/12/2013 15:40,40
7/12/2013 15:50,40
7/12/2013 16:00,41
7/12/2013 16:10,41
7/12/2013 16:20,39
7/12/2013 16:30,44
7/12/2013 16:40,44
7/12/2013 16:50,45
7/12/2013 17:00,39
7/12/2013 17:10,41
7/12/2013 17:20,43
7/12/2013 17:30,46
7/12/2013 17:40,46
7/12/2013 17:50,46
7/12/2013 18:00,47
7/12/2013 18:10,47
7/12/2013 18:20,48
7/12/2013 18:30,48
7/12/2013 18:40,48
7/12/2013 18:50,48
7/12/2013 19:00,47
7/12/2013 19:10,48
7/12/2013 19:20,48
7/12/2013 19:30,49
7/12/2013 19:40,49
7/12/2013 19:50,49
7/12/2013 20:00,50
7/12/2013 20:10,49
7/12/2013 20:20,49
7/12/2013 20:30,50
7/12/2013 20:40,52
7/12/2013 20:50,52
7/12/2013 21:00,51
7/12/2013 21:10,51
7/12/2013 21:20,51
7/12/2013 21:30,51
7/12/2013 21:40,50
7/12/2013 21:50,51
7/12/2013 22:00,51
7/12/2013 22:10,51
7/12/2013 22:20,50
7/12/2013 22:30,50
7/12/2013 22:40,50
7/12/2013 22:50,50
7/12/2013 23:00,49
7/12/2013 23:10,48
7/12/2013 23:20,45
7/12/2013 23:30,48
7/12/2013 23:40,49
7/12/2013 23:50,48
7/13/2013 00:00,47
7/13/2013 00:10,46
7/13/2013 00:20,47
7/13/2013 00:30,47
7/13/2013 00:40,47
7/13/2013 00:50,47
7/13/2013 01:00,46
7/13/2013 01:10,44
7/13/2013 01:20,46
7/13/2013 01:30,45
7/13/2013 01:40,45
7/13/2013 01:50,44
7/13/2013 02:00,43
7/13/2013 02:10,44
7/13/2013 02:20,44
7/13/2013 02:30,44
7/13/2013 02:40,45
7/13/2013 02:50,45
7/13/2013 03:00,45
7/13/2013 03:10,44
7/13/2013 03:20,44
7/13/2013 03:30,43
7/13/2013 03:40,44
7/13/2013 03:50,44
7/13/2013 04:00,44
7/13/2013 04:10,43
7/13/2013 04:20,43
7/13/2013 04:30,43
7/13/2013 04:40,42
7/13/2013 04:50,43
7/13/2013 05:00,41
7/13/2013 05:10,42
7/13/2013 05:20,42
7/13/2013 05:30,43
7/13/2013 05:40,42
7/13/2013 05:50,42
7/13/2013 06:00,43
7/13/2013 06:10,42
7/13/2013 06:20,42
7/13/2013 06:30,41
7/13/2013 06:40,41
7/13/2013 06:50,41
7/13/2013 07:00,41
7/13/2013 07:10,40
7/13/2013 07:20,39
7/13/2013 07:30,38
7/13/2013 07:40,38
7/13/2013 07:50,36
7/13/2013 08:00,35
7/13/2013 08:10,34
7/13/2013 08:20,32
7/13/2013 08:30,30
7/13/2013 08:40,33
7/13/2013 08:50,30
7/13/2013 09:00,33
7/13/2013 09:10,32
7/13/2013 09:20,33
7/13/2013 09:30,31
7/13/2013 09:40,31
7/13/2013 09:50,28
7/13/2013 10:00,30
7/13/2013 10:10,30
7/13/2013 10:20,30
7/13/2013 10:30,31
7/13/2013 10:40,29
7/13/2013 10:50,32
7/13/2013 11:00,33
7/13/2013 11:10,32
7/13/2013 11:20,33
7/13/2013 11:30,31
7/13/2013 11:40,30
7/13/2013 11:50,31
7/13/2013 12:00,29
7/13/2013 12:10,28
7/13/2013 12:20,27
7/13/2013 12:30,26
7/13/2013 12:40,22
7/13/2013 12:50,22
7/13/2013 13:00,20
7/13/2013 13:10,25
7/13/2013 13:20,20
7/13/2013 13:30,23
7/13/2013 13:40,20
7/13/2013 13:50,22
7/13/2013 14:00,26
7/13/2013 14:10,29
7/13/2013 14:20,33
7/13/2013 14:30,32
7/13/2013 14:40,33
7/13/2013 14:50,34
7/13/2013 15:00,33
7/13/2013 15:10,35
7/13/2013 15:20,33
7/13/2013 15:30,32
7/13/2013 15:40,33
7/13/2013 15:50,30
7/13/2013 16:00,34
7/13/2013 16:10,34
7/13/2013 16:20,34
7/13/2013 16:30,32
7/13/2013 16:40,34
7/13/2013 16:50,35
7/13/2013 17:00,33
7/13/2013 17:10,35
7/13/2013 17:20,34
7/13/2013 17:30,35
7/13/2013 17:40,35
7/13/2013 17:50,35
7/13/2013 18:00,36
7/13/2013 18:10,32
7/13/2013 18:20,32
7/13/2013 18:30,34
7/13/2013 18:40,34
7/13/2013 18:50,36
7/13/2013 19:00,35
7/13/2013 19:10,36
7/13/2013 19:20,37
7/13/2013 19:30,34
7/13/2013 19:40,37
7/13/2013 19:50,36
7/13/2013 20:00,31
7/13/2013 20:10,33
7/13/2013 20:20,32
7/13/2013 20:30,35
7/13/2013 20:40,37
7/13/2013 20:50,36
7/13/2013 21:00,38
7/13/2013 21:10,39
7/13/2013 21:20,40
7/13/2013 21:30,40
7/13/2013 21:40,40
7/13/2013 21:50,39
7/13/2013 22:00,40
7/13/2013 22:10,39
7/13/2013 22:20,41
7/13/2013 22:30,41
7/13/2013 22:40,40
7/13/2013 22:50,38
7/13/2013 23:00,40
7/13/2013 23:10,36
7/13/2013 23:20,36
7/13/2013 23:30,36
7/13/2013 23:40,37
7/13/2013 23:50,37
7/14/2013 00:00,36
7/14/2013 00:10,34
7/14/2013 00:20,35
7/14/2013 00:30,33
7/14/2013 00:40,32
7/14/2013 00:50,34
7/14/2013 01:00,32
7/14/2013 01:10,35
7/14/2013 01:20,35
7/14/2013 01:30,35
7/14/2013 01:40,35
7/14/2013 01:50,32
7/14/2013 02:00,33
7/14/2013 02:10,34
7/14/2013 02:20,35
7/14/2013 02:30,35
7/14/2013 02:40,34
7/14/2013 02:50,35
7/14/2013 03:00,35
7/14/2013 03:10,34
7/14/2013 03:20,35
7/14/2013 03:30,35
7/14/2013 03:40,35
7/14/2013 03:50,35
7/14/2013 04:00,35
7/14/2013 04:10,35
7/14/2013 04:20,35
7/14/2013 04:30,35
7/14/2013 04:40,35
7/14/2013 04:50,35
7/14/2013 05:00,35
7/14/2013 05:10,34
7/14/2013 05:20,34
7/14/2013 05:30,34
7/14/2013 05:40,34
7/14/2013 05:50,34
7/14/2013 06:00,34
7/14/2013 06:10,34
7/14/2013 06:20,34
7/14/2013 06:30,32
7/14/2013 06:40,33
7/14/2013 06:50,34
7/14/2013 07:00,33
7/14/2013 07:10,32
7/14/2013 07:20,33
7/14/2013 07:30,32
7/14/2013 07:40,33
7/14/2013 07:50,29
7/14/2013 08:00,26
7/14/2013 08:10,25
7/14/2013 08:20,21
7/14/2013 08:30,27
7/14/2013 08:40,25
7/14/2013 08:50,26
7/14/2013 09:00,25
7/14/2013 09:10,27
7/14/2013 09:20,27
7/14/2013 09:30,27
7/14/2013 09:40,27
7/14/2013 09:50,27
7/14/2013 10:00,28
7/14/2013 10:10,25
7/14/2013 10:20,28
7/14/2013 10:30,26
7/14/2013 10:40,25
7/14/2013 10:50,24
7/14/2013 11:00,26
7/14/2013 11:10,23
7/14/2013 11:20,25
7/14/2013 11:30,25
7/14/2013 11:40,25
7/14/2013 11:50,26
7/14/2013 12:00,26
7/14/2013 12:10,24
7/14/2013 12:20,23
7/14/2013 12:30,25
7/14/2013 12:40,21
7/14/2013 12:50,25
7/14/2013 13:00,23
7/14/2013 13:10,25
7/14/2013 13:20,21
7/14/2013 13:30,24
7/14/2013 13:40,26
7/14/2013 13:50,24
7/14/2013 14:00,24
7/14/2013 14:10,21
7/14/2013 14:20,23
7/14/2013 14:30,24
7/14/2013 14:40,24
7/14/2013 14:50,24
7/14/2013 15:00,24
7/14/2013 15:10,23
7/14/2013 15:20,22
7/14/2013 15:30,20
7/14/2013 15:40,19
7/14/2013 15:50,23
7/14/2013 16:00,23
7/14/2013 16:10,23
7/14/2013 16:20,21
7/14/2013 16:30,22
7/14/2013 16:40,22
7/14/2013 16:50,22
7/14/2013 17:00,23
7/14/2013 17:10,21
7/14/2013 17:20,21
7/14/2013 17:30,21
7/14/2013 17:40,22
7/14/2013 17:50,22
7/14/2013 18:00,22
7/14/2013 18:10,25
7/14/2013 18:20,25
7/14/2013 18:30,23
7/14/2013 18:40,25
7/14/2013 18:50,26
7/14/2013 19:00,27
7/14/2013 19:10,27
7/14/2013 19:20,28
7/14/2013 19:30,28
7/14/2013 19:40,31
7/14/2013 19:50,30
7/14/2013 20:00,32
7/14/2013 20:10,33
7/14/2013 20:20,32
7/14/2013 20:30,32
7/14/2013 20:40,34
7/14/2013 20:50,34
7/14/2013 21:00,33
7/14/2013 21:10,34
7/14/2013 21:20,34
7/14/2013 21:30,36
7/14/2013 21:40,36
7/14/2013 21:50,36
7/14/2013 22:00,36
7/14/2013 22:10,36
7/14/2013 22:20,36
7/14/2013 22:30,50
7/14/2013 22:40,36
7/14/2013 22:50,36
7/14/2013 23:00,36
7/14/2013 23:10,36
7/14/2013 23:20,36
7/14/2013 23:30,36
7/14/2013 23:40,35
7/14/2013 23:50,35
7/15/2013 00:00,35
7/15/2013 00:10,35
7/15/2013 00:20,33
7/15/2013 00:30,33
7/15/2013 00:40,34
7/15/2013 00:50,34
7/15/2013 01:00,34
7/15/2013 01:10,34
7/15/2013 01:20,34
7/15/2013 01:30,32
7/15/2013 01:40,33
7/15/2013 01:50,34
7/15/2013 02:00,33
7/15/2013 02:10,33
7/15/2013 02:20,33
7/15/2013 02:30,32
7/15/2013 02:40,33
7/15/2013 02:50,32
7/15/2013 03:00,33
7/15/2013 03:10,33
7/15/2013 03:20,33
7/15/2013 03:30,33
7/15/2013 03:40,33
7/15/2013 03:50,31
7/15/2013 04:00,32
7/15/2013 04:10,31
7/15/2013 04:20,32
7/15/2013 04:30,33
7/15/2013 04:40,32
7/15/2013 04:50,33
7/15/2013 05:00,32
7/15/2013 05:10,32
7/15/2013 05:20,32
7/15/2013 05:30,33
7/15/2013 05:40,31
7/15/2013 05:50,33
7/15/2013 06:00,32
7/15/2013 06:10,31
7/15/2013 06:20,31
7/15/2013 06:30,32
7/15/2013 06:40,31
7/15/2013 06:50,31
7/15/2013 07:00,31
7/15/2013 07:10,31
7/15/2013 07:20,29
7/15/2013 07:30,27
7/15/2013 07:40,28
7/15/2013 07:50,27
7/15/2013 08:00,26
7/15/2013 08:10,25
7/15/2013 08:20,25
7/15/2013 08:30,27
7/15/2013 08:40,23
7/15/2013 08:50,24
7/15/2013 09:00,22
7/15/2013 09:10,24
7/15/2013 09:20,23
7/15/2013 09:30,22
7/15/2013 09:40,23
7/15/2013 09:50,21
7/15/2013 10:00,23
7/15/2013 10:10,22
7/15/2013 10:20,18
7/15/2013 10:30,19
7/15/2013 10:40,18
7/15/2013 10:50,19
7/15/2013 11:00,22
7/15/2013 11:10,22
7/15/2013 11:20,20
7/15/2013 11:30,22
7/15/2013 11:40,20
7/15/2013 11:50,22
7/15/2013 13:10,16
7/15/2013 13:20,18
7/15/2013 13:30,21
7/15/2013 13:40,22
7/15/2013 13:50,23
7/15/2013 15:50,21
7/15/2013 16:00,20
7/15/2013 16:10,17
7/15/2013 16:20,18
7/15/2013 16:30,20
7/15/2013 16:40,19
7/15/2013 16:50,23
7/15/2013 17:00,23
7/15/2013 17:10,21
7/15/2013 17:20,19
7/15/2013 17:30,19
7/15/2013 17:40,23
7/15/2013 17:50,24
7/15/2013 18:10,24
7/15/2013 18:20,26
7/15/2013 18:30,28
7/15/2013 18:40,28
7/15/2013 18:50,29
7/15/2013 19:00,27
7/15/2013 19:10,31
7/15/2013 19:20,28
7/15/2013 19:30,30
7/15/2013 19:40,30
7/15/2013 19:50,31
7/15/2013 20:00,31
7/15/2013 20:10,30
7/15/2013 20:20,32
7/15/2013 20:30,29
7/15/2013 20:40,31
7/15/2013 20:50,31
7/15/2013 21:00,31
7/15/2013 21:10,32
7/15/2013 21:20,33
7/15/2013 21:30,34
7/15/2013 21:40,33
7/15/2013 21:50,33
7/15/2013 22:00,33
7/15/2013 22:10,33
7/15/2013 22:20,34
7/15/2013 22:30,34
7/15/2013 22:40,35
7/15/2013 22:50,34
7/15/2013 23:00,35
7/15/2013 23:10,37
7/15/2013 23:20,37
7/15/2013 23:30,37
7/15/2013 23:40,38
7/15/2013 23:50,38
7/16/2013 00:00,38
7/16/2013 00:10,37
7/16/2013 00:20,37
7/16/2013 00:30,37
7/16/2013 00:40,37
7/16/2013 00:50,38
7/16/2013 01:00,38
7/16/2013 01:10,37
7/16/2013 01:20,36
7/16/2013 01:30,37
7/16/2013 01:40,37
7/16/2013 01:50,37
7/16/2013 02:00,37
7/16/2013 02:10,37
7/16/2013 02:20,37
7/16/2013 02:30,36
7/16/2013 02:40,37
7/16/2013 02:50,36
7/16/2013 03:00,36
7/16/2013 03:10,37
7/16/2013 03:20,36
7/16/2013 03:30,36
7/16/2013 03:40,36
7/16/2013 03:50,37
7/16/2013 04:00,36
7/16/2013 04:10,36
7/16/2013 04:20,37
7/16/2013 04:30,37
7/16/2013 04:40,36
7/16/2013 04:50,36
7/16/2013 05:00,37
7/16/2013 05:10,36
7/16/2013 05:20,36
7/16/2013 05:30,36
7/16/2013 05:40,36
7/16/2013 05:50,36
7/16/2013 06:00,36
7/16/2013 06:10,34
7/16/2013 06:20,35
7/16/2013 06:30,34
7/16/2013 06:40,32
7/16/2013 06:50,30
7/16/2013 07:00,27
7/16/2013 07:10,26
7/16/2013 07:20,24
7/16/2013 07:30,19
7/16/2013 07:40,30
7/16/2013 07:50,19
7/16/2013 08:00,19
7/16/2013 08:10,18
7/16/2013 08:20,19
7/16/2013 08:30,16
7/16/2013 08:40,20
7/16/2013 08:50,19
7/16/2013 09:00,21
7/16/2013 09:10,21
7/16/2013 09:20,21
7/16/2013 09:30,22
7/16/2013 09:40,23
7/16/2013 09:50,23
7/16/2013 10:00,22
7/16/2013 10:10,18
7/16/2013 10:20,20
7/16/2013 10:30,16
7/16/2013 10:40,20
7/16/2013 10:50,21
7/16/2013 11:00,14
7/16/2013 11:10,17
7/16/2013 11:20,20
7/16/2013 11:30,21
7/16/2013 11:40,18
7/16/2013 11:50,22
7/16/2013 12:00,25
7/16/2013 12:10,18
7/16/2013 12:20,23
7/16/2013 12:30,20
7/16/2013 12:40,23
7/16/2013 12:50,21
7/16/2013 13:00,23
7/16/2013 13:10,16
7/16/2013 13:20,22
7/16/2013 13:30,25
7/16/2013 13:40,18
7/16/2013 13:50,26
7/16/2013 14:00,23
7/16/2013 14:10,26
7/16/2013 14:20,25
7/16/2013 14:30,26
7/16/2013 14:40,26
7/16/2013 14:50,28
7/16/2013 15:00,27
7/16/2013 15:10,22
7/16/2013 15:20,24
7/16/2013 15:30,23
7/16/2013 15:40,21
7/16/2013 15:50,24
7/16/2013 16:00,23
7/16/2013 16:10,21
7/16/2013 16:20,22
7/16/2013 16:30,25
7/16/2013 16:40,27
7/16/2013 16:50,25
7/16/2013 17:00,26
7/16/2013 17:10,27
7/16/2013 17:20,27
7/16/2013 17:30,27
7/16/2013 17:40,28
7/16/2013 17:50,26
7/16/2013 18:00,28
7/16/2013 18:10,29
7/16/2013 18:20,29
7/16/2013 18:30,32
7/16/2013 18:40,32
7/16/2013 18:50,32
7/16/2013 19:00,31
7/16/2013 19:10,33
7/16/2013 19:20,33
7/16/2013 19:30,32
7/16/2013 19:40,34
7/16/2013 19:50,32
7/16/2013 20:00,33
7/16/2013 20:10,33
7/16/2013 20:20,34
7/16/2013 20:30,34
7/16/2013 20:40,34
7/16/2013 20:50,34
7/16/2013 21:00,34
7/16/2013 21:10,35
7/16/2013 21:20,34
7/16/2013 21:30,33
7/16/2013 21:40,34
7/16/2013 21:50,34
7/16/2013 22:00,34
7/16/2013 22:10,35
7/16/2013 22:20,34
7/16/2013 22:30,35
7/16/2013 22:40,34
7/16/2013 22:50,34
7/16/2013 23:00,35
7/16/2013 23:10,35
7/16/2013 23:20,36
7/16/2013 23:30,35
7/16/2013 23:40,37
7/16/2013 23:50,37
7/17/2013 00:00,37
7/17/2013 00:10,37
7/17/2013 00:20,37
7/17/2013 00:30,37
7/17/2013 00:40,37
7/17/2013 00:50,36
7/17/2013 01:00,36
7/17/2013 01:10,37
7/17/2013 01:20,37
7/17/2013 01:30,37
7/17/2013 01:40,36
7/17/2013 01:50,36
7/17/2013 02:00,36
7/17/2013 02:10,36
7/17/2013 02:20,32
7/17/2013 02:30,34
7/17/2013 02:40,34
7/17/2013 02:50,35
7/17/2013 03:00,36
7/17/2013 03:10,37
7/17/2013 03:20,35
7/17/2013 03:30,37
7/17/2013 03:40,33
7/17/2013 03:50,36
7/17/2013 04:00,34
7/17/2013 04:10,35
7/17/2013 04:20,28
7/17/2013 04:30,34
7/17/2013 04:40,32
7/17/2013 04:50,35
7/17/2013 05:00,34
7/17/2013 05:10,34
7/17/2013 05:20,34
7/17/2013 05:30,34
7/17/2013 05:40,32
7/17/2013 05:50,31
7/17/2013 06:00,34
7/17/2013 06:10,31
7/17/2013 06:20,33
7/17/2013 06:30,33
7/17/2013 06:40,30
7/17/2013 06:50,31
7/17/2013 07:00,27
7/17/2013 07:10,35
7/17/2013 07:20,34
7/17/2013 07:30,35
7/17/2013 07:40,36
7/17/2013 07:50,36
7/17/2013 08:00,36
7/17/2013 08:10,34
7/17/2013 08:20,35
7/17/2013 08:30,35
7/17/2013 08:40,36
7/17/2013 08:50,33
7/17/2013 09:00,34
7/17/2013 09:10,35
7/17/2013 09:20,35
7/17/2013 09:30,37
7/17/2013 09:40,35
7/17/2013 09:50,34
7/17/2013 10:00,37
7/17/2013 10:10,37
7/17/2013 10:20,35
7/17/2013 10:30,37
7/17/2013 10:40,37
7/17/2013 10:50,37
7/17/2013 11:00,38
7/17/2013 11:10,38
7/17/2013 11:20,37
7/17/2013 11:30,38
7/17/2013 11:40,37
7/17/2013 11:50,37
7/17/2013 12:00,37
7/17/2013 12:10,37
7/17/2013 12:20,37
7/17/2013 12:30,39
7/17/2013 12:40,36
7/17/2013 12:50,37
7/17/2013 13:00,37
7/17/2013 13:10,40
7/17/2013 13:20,39
7/17/2013 13:30,38
7/17/2013 13:40,40
7/17/2013 13:50,40
7/17/2013 14:00,40
7/17/2013 14:10,38
7/17/2013 14:20,40
7/17/2013 14:30,41
7/17/2013 14:40,40
7/17/2013 14:50,41
7/17/2013 15:00,40
7/17/2013 15:10,41
7/17/2013 15:20,40
7/17/2013 15:30,40
7/17/2013 15:40,40
7/17/2013 15:50,39
7/17/2013 16:00,40
7/17/2013 16:10,41
7/17/2013 16:20,40
7/17/2013 16:30,38
7/17/2013 16:40,37
7/17/2013 16:50,41
7/17/2013 17:00,41
7/17/2013 17:10,41
7/17/2013 17:20,40
7/17/2013 17:30,41
7/17/2013 17:40,42
7/17/2013 17:50,42
7/17/2013 18:00,40
7/17/2013 18:10,41
7/17/2013 18:20,41
7/17/2013 18:30,41
7/17/2013 18:40,42
7/17/2013 18:50,41
7/17/2013 19:00,40
7/17/2013 19:10,42
7/17/2013 19:20,42
7/17/2013 19:30,41
7/17/2013 19:40,42
7/17/2013 19:50,42
7/17/2013 20:00,42
7/17/2013 20:10,42
7/17/2013 20:20,42
7/17/2013 20:30,42
7/17/2013 20:40,42
7/17/2013 20:50,43
7/17/2013 21:00,42
7/17/2013 21:10,43
7/17/2013 21:20,42
7/17/2013 21:30,42
7/17/2013 21:40,42
7/17/2013 21:50,42
7/17/2013 22:00,42
7/17/2013 22:10,42
7/17/2013 22:20,42
7/17/2013 22:30,43
7/17/2013 22:40,42
7/17/2013 22:50,42
7/17/2013 23:00,42
7/17/2013 23:10,43
7/17/2013 23:20,42
7/17/2013 23:30,42
7/17/2013 23:40,42
7/17/2013 23:50,42
7/18/2013 00:00,42
7/18/2013 00:10,42
7/18/2013 00:20,42
7/18/2013 00:30,42
7/18/2013 00:40,42
7/18/2013 00:50,43
7/18/2013 01:00,42
7/18/2013 01:10,42
7/18/2013 01:20,43
7/18/2013 01:30,43
7/18/2013 01:40,42
7/18/2013 01:50,44
7/18/2013 02:00,44
7/18/2013 02:10,44
7/18/2013 02:20,44
7/18/2013 02:30,43
7/18/2013 02:40,44
7/18/2013 02:50,43
7/18/2013 03:00,42
7/18/2013 03:10,43
7/18/2013 03:20,43
7/18/2013 03:30,43
7/18/2013 03:40,43
7/18/2013 03:50,43
7/18/2013 04:00,42
7/18/2013 04:10,42
7/18/2013 04:20,42
7/18/2013 04:30,42
7/18/2013 04:40,42
7/18/2013 04:50,41
7/18/2013 05:00,41
7/18/2013 05:10,41
7/18/2013 05:20,41
7/18/2013 05:30,41
7/18/2013 05:40,41
7/18/2013 05:50,41
7/18/2013 06:00,40
7/18/2013 06:10,40
7/18/2013 06:20,40
7/18/2013 06:30,40
7/18/2013 06:40,40
7/18/2013 06:50,40
7/18/2013 07:00,40
7/18/2013 07:10,40
7/18/2013 07:20,39
7/18/2013 07:30,37
7/18/2013 07:40,38
7/18/2013 07:50,38
7/18/2013 08:00,36
7/18/2013 08:10,34
7/18/2013 08:20,34
7/18/2013 08:30,32
7/18/2013 08:40,31
7/18/2013 08:50,32
7/18/2013 09:00,31
7/18/2013 09:10,30
7/18/2013 09:20,32
7/18/2013 09:30,30
7/18/2013 09:40,30
7/18/2013 09:50,31
7/18/2013 10:00,29
7/18/2013 10:10,26
7/18/2013 10:20,26
7/18/2013 10:30,29
7/18/2013 10:40,28
7/18/2013 10:50,29
7/18/2013 11:00,26
7/18/2013 11:10,27
7/18/2013 11:20,27
7/18/2013 11:30,28
7/18/2013 11:40,27
7/18/2013 11:50,26
7/18/2013 12:00,28
7/18/2013 12:10,25
7/18/2013 12:20,26
7/18/2013 12:30,24
7/18/2013 12:40,26
7/18/2013 12:50,26
7/18/2013 13:00,26
7/18/2013 13:10,26
7/18/2013 13:20,24
7/18/2013 13:30,20
7/18/2013 13:40,23
7/18/2013 13:50,26
7/18/2013 14:00,25
7/18/2013 14:10,26
7/18/2013 14:20,25
7/18/2013 14:30,24
7/18/2013 14:40,24
7/18/2013 14:50,21
7/18/2013 15:00,23
7/18/2013 15:10,22
7/18/2013 15:20,22
7/18/2013 15:30,24
7/18/2013 15:40,27
7/18/2013 15:50,25
7/18/2013 16:00,24
7/18/2013 16:10,23
7/18/2013 16:20,24
7/18/2013 16:30,25
7/18/2013 16:40,23
7/18/2013 16:50,24
7/18/2013 17:00,24
7/18/2013 17:10,23
7/18/2013 17:20,26
7/18/2013 17:30,26
7/18/2013 17:40,27
7/18/2013 17:50,28
7/18/2013 18:00,27
7/18/2013 18:10,29
7/18/2013 18:20,30
7/18/2013 18:30,30
7/18/2013 18:40,31
7/18/2013 18:50,31
7/18/2013 19:00,31
7/18/2013 19:10,32
7/18/2013 19:20,32
7/18/2013 19:30,32
7/18/2013 19:40,32
7/18/2013 19:50,32
7/18/2013 20:00,31
7/18/2013 20:10,33
7/18/2013 20:20,32
7/18/2013 20:30,32
7/18/2013 20:40,32
7/18/2013 20:50,32
7/18/2013 21:00,33
7/18/2013 21:10,33
7/18/2013 21:20,33
7/18/2013 21:30,32
7/18/2013 21:40,32
7/18/2013 21:50,33
7/18/2013 22:00,33
7/18/2013 22:10,33
7/18/2013 22:20,32
7/18/2013 22:30,31
7/18/2013 22:40,33
7/18/2013 22:50,31
7/18/2013 23:00,33
7/18/2013 23:10,32
7/18/2013 23:20,32
7/18/2013 23:30,32
7/18/2013 23:40,33
7/18/2013 23:50,32
7/19/2013 00:00,31
7/19/2013 00:10,32
7/19/2013 00:20,33
7/19/2013 00:30,32
7/19/2013 00:40,33
7/19/2013 00:50,33
7/19/2013 01:00,33
7/19/2013 01:10,34
7/19/2013 01:20,34
7/19/2013 01:30,34
7/19/2013 01:40,35
7/19/2013 01:50,36
7/19/2013 02:00,36
7/19/2013 02:10,37
7/19/2013 02:20,37
7/19/2013 02:30,38
7/19/2013 02:40,38
7/19/2013 02:50,38
7/19/2013 03:00,38
7/19/2013 03:10,38
7/19/2013 03:20,38
7/19/2013 03:30,38
7/19/2013 03:40,38
7/19/2013 03:50,35
7/19/2013 04:00,38
7/19/2013 04:10,37
7/19/2013 04:20,37
7/19/2013 04:30,36
7/19/2013 04:40,35
7/19/2013 04:50,36
7/19/2013 05:00,35
7/19/2013 05:10,35
7/19/2013 05:20,34
7/19/2013 05:30,34
7/19/2013 05:40,34
7/19/2013 05:50,34
7/19/2013 06:00,33
7/19/2013 06:10,29
7/19/2013 06:20,31
7/19/2013 06:30,31
7/19/2013 06:40,31
7/19/2013 06:50,31
7/19/2013 07:00,31
7/19/2013 07:10,30
7/19/2013 07:20,29
7/19/2013 07:30,26
7/19/2013 07:40,25
7/19/2013 07:50,25
7/19/2013 08:00,25
7/19/2013 08:10,25
7/19/2013 08:20,24
7/19/2013 08:30,24
7/19/2013 08:40,23
7/19/2013 08:50,23
7/19/2013 09:00,22
7/19/2013 09:10,23
7/19/2013 09:20,19
7/19/2013 09:30,18
7/19/2013 09:40,21
7/19/2013 09:50,22
7/19/2013 10:00,19
7/19/2013 10:10,22
7/19/2013 10:20,22
7/19/2013 10:30,24
7/19/2013 10:40,24
7/19/2013 10:50,23
7/19/2013 11:00,22
7/19/2013 11:10,21
7/19/2013 11:20,20
7/19/2013 11:30,21
7/19/2013 11:40,21
7/19/2013 11:50,19
7/19/2013 12:00,21
7/19/2013 12:10,21
7/19/2013 12:20,19
7/19/2013 12:30,22
7/19/2013 12:40,22
7/19/2013 12:50,20
7/19/2013 13:00,22
7/19/2013 13:10,22
7/19/2013 13:20,19
7/19/2013 13:30,21
7/19/2013 13:40,19
7/19/2013 13:50,22
7/19/2013 14:00,19
7/19/2013 14:10,20
7/19/2013 14:20,20
7/19/2013 14:30,17
7/19/2013 14:40,17
7/19/2013 14:50,18
7/19/2013 15:00,18
7/19/2013 15:10,19
7/19/2013 15:20,15
7/19/2013 15:30,16
7/19/2013 15:40,17
7/19/2013 15:50,19
7/19/2013 16:00,20
7/19/2013 16:10,20
7/19/2013 16:20,21
7/19/2013 16:30,18
7/19/2013 16:50,18
7/19/2013 17:00,18
7/19/2013 17:10,15
7/19/2013 17:20,19
7/19/2013 17:30,21
7/19/2013 17:40,15
7/19/2013 17:50,20
7/19/2013 18:00,20
7/19/2013 18:10,22
7/19/2013 18:20,23
7/19/2013 18:30,24
7/19/2013 18:40,25
7/19/2013 19:00,26
7/19/2013 19:20,27
7/19/2013 19:40,25
7/19/2013 20:00,26
7/19/2013 20:20,25
7/19/2013 20:40,25
7/19/2013 22:50,23
7/20/2013 01:30,25
7/20/2013 02:30,26
7/20/2013 02:50,29
7/20/2013 03:40,35
7/20/2013 04:00,36
7/20/2013 04:20,36
7/20/2013 04:40,37
7/20/2013 05:00,37
7/20/2013 05:20,36
7/20/2013 05:40,34
7/20/2013 06:00,33
7/20/2013 06:20,31
7/20/2013 06:40,28
7/20/2013 07:00,25
7/20/2013 07:20,25
7/20/2013 07:40,22
7/20/2013 08:00,19
7/20/2013 08:20,18
7/20/2013 08:40,14
7/20/2013 09:00,13
7/20/2013 09:20,14
7/20/2013 09:30,10
7/20/2013 09:40,10
7/20/2013 09:50,10
7/20/2013 10:00,11
7/20/2013 10:10,14
7/20/2013 10:20,13
7/20/2013 10:30,10
7/20/2013 10:40,12
7/20/2013 10:50,16
7/20/2013 11:00,10
7/20/2013 11:10,14
7/20/2013 11:20,11
7/20/2013 11:30,15
7/20/2013 11:40,17
7/20/2013 11:50,13
7/20/2013 12:00,17
7/20/2013 12:10,14
7/20/2013 12:20,16
7/20/2013 12:30,14
7/20/2013 12:40,16
7/20/2013 12:50,14
7/20/2013 13:00,14
7/20/2013 13:10,12
7/20/2013 13:20,11
7/20/2013 13:30,10
7/20/2013 13:40,6
7/20/2013 13:50,9
7/20/2013 14:00,10
7/20/2013 14:10,13
7/20/2013 14:20,13
7/20/2013 14:30,11
7/20/2013 14:40,7
7/20/2013 14:50,11
7/20/2013 15:00,11
7/20/2013 15:10,12
7/20/2013 15:20,13
7/20/2013 15:30,13
7/20/2013 15:40,14
7/20/2013 15:50,16
7/20/2013 16:00,16
7/20/2013 16:10,13
7/20/2013 16:20,18
7/20/2013 16:30,18
7/20/2013 16:40,17
7/20/2013 16:50,19
7/20/2013 17:00,18
7/20/2013 17:10,19
7/20/2013 17:20,17
7/20/2013 17:30,20
7/20/2013 17:40,22
7/20/2013 17:50,21
7/20/2013 18:00,22
7/20/2013 18:10,23
7/20/2013 18:20,25
7/20/2013 18:30,25
7/20/2013 18:40,24
7/20/2013 18:50,25
7/20/2013 19:00,23
7/20/2013 19:10,25
7/20/2013 19:20,26
7/20/2013 19:30,26
7/20/2013 19:40,24
7/20/2013 19:50,27
7/20/2013 20:00,26
7/20/2013 20:10,25
7/20/2013 20:20,26
7/20/2013 20:30,26
7/20/2013 20:40,25
7/20/2013 20:50,26
7/20/2013 21:00,25
7/20/2013 21:10,24
7/20/2013 21:20,25
7/20/2013 21:30,24
7/20/2013 21:40,24
7/20/2013 21:50,24
7/20/2013 22:00,25
7/20/2013 22:10,23
7/20/2013 22:20,25
7/20/2013 22:30,25
7/20/2013 22:40,24
7/20/2013 22:50,25
7/20/2013 23:00,25
7/20/2013 23:10,25
7/20/2013 23:20,24
7/20/2013 23:30,26
7/20/2013 23:40,25
7/20/2013 23:50,25
7/21/2013 00:00,25
7/21/2013 00:10,25
7/21/2013 00:20,24
7/21/2013 00:30,24
7/21/2013 00:40,24
7/21/2013 00:50,25
7/21/2013 01:00,22
7/21/2013 01:10,25
7/21/2013 01:20,25
7/21/2013 01:30,25
7/21/2013 01:40,25
7/21/2013 01:50,23
7/21/2013 02:00,24
7/21/2013 02:10,25
7/21/2013 02:20,25
7/21/2013 02:30,26
7/21/2013 02:40,25
7/21/2013 02:50,26
7/21/2013 03:00,27
7/21/2013 03:10,28
7/21/2013 03:20,28
7/21/2013 03:30,30
7/21/2013 03:40,31
7/21/2013 03:50,32
7/21/2013 04:00,33
7/21/2013 04:10,35
7/21/2013 04:20,36
7/21/2013 04:30,37
7/21/2013 04:40,38
7/21/2013 04:50,39
7/21/2013 05:00,40
7/21/2013 05:10,40
7/21/2013 05:20,41
7/21/2013 05:30,41
7/21/2013 05:40,41
7/21/2013 05:50,40
7/21/2013 06:00,39
7/21/2013 06:10,38
7/21/2013 06:20,35
7/21/2013 06:30,33
7/21/2013 06:40,27
7/21/2013 06:50,26
7/21/2013 07:00,24
7/21/2013 07:10,21
7/21/2013 07:20,21
7/21/2013 07:30,20
7/21/2013 07:40,20
7/21/2013 07:50,18
7/21/2013 08:00,19
7/21/2013 08:10,17
7/21/2013 08:20,16
7/21/2013 08:30,12
7/21/2013 08:40,13
7/21/2013 08:50,14
7/21/2013 09:00,13
7/21/2013 09:10,13
7/21/2013 09:20,14
7/21/2013 09:30,10
7/21/2013 09:40,9
7/21/2013 09:50,8
7/21/2013 10:00,8
7/21/2013 10:10,9
7/21/2013 10:20,5
7/21/2013 10:30,5
7/21/2013 10:40,6
7/21/2013 10:50,6
7/21/2013 11:00,4
7/21/2013 11:10,9
7/21/2013 11:20,7
7/21/2013 11:30,10
7/21/2013 11:40,9
7/21/2013 11:50,8
7/21/2013 12:00,5
7/21/2013 12:10,3
7/21/2013 12:20,11
7/21/2013 12:30,11
7/21/2013 12:40,8
7/21/2013 12:50,6
7/21/2013 13:00,9
7/21/2013 13:10,7
7/21/2013 13:20,9
7/21/2013 13:30,12
7/21/2013 13:40,12
7/21/2013 13:50,10
7/21/2013 14:00,10
7/21/2013 14:10,10
7/21/2013 14:20,14
7/21/2013 14:30,13
7/21/2013 14:40,12
7/21/2013 14:50,9
7/21/2013 15:00,9
7/21/2013 15:10,10
7/21/2013 15:20,11
7/21/2013 15:30,12
7/21/2013 15:40,11
7/21/2013 15:50,12
7/21/2013 16:00,10
7/21/2013 16:10,15
7/21/2013 16:20,14
7/21/2013 16:30,17
7/21/2013 16:40,18
7/21/2013 16:50,15
7/21/2013 17:00,19
7/21/2013 17:10,22
7/21/2013 17:20,25
7/21/2013 17:30,24
7/21/2013 17:40,26
7/21/2013 17:50,28
7/21/2013 18:00,28
7/21/2013 18:10,30
7/21/2013 18:20,30
7/21/2013 18:30,31
7/21/2013 18:40,33
7/21/2013 18:50,34
7/21/2013 19:00,33
7/21/2013 19:10,33
7/21/2013 19:20,33
7/21/2013 19:30,31
7/21/2013 19:40,29
7/21/2013 19:50,29
7/21/2013 20:00,30
7/21/2013 20:10,30
7/21/2013 20:20,23
7/21/2013 20:30,18
7/21/2013 20:40,24
7/21/2013 20:50,25
7/21/2013 21:00,24
7/21/2013 21:10,26
7/21/2013 21:20,26
7/21/2013 21:30,23
7/21/2013 21:40,25
7/21/2013 21:50,25
7/21/2013 22:00,22
7/21/2013 22:10,24
7/21/2013 22:20,24
7/21/2013 22:30,25
7/21/2013 22:40,25
7/21/2013 22:50,25
7/21/2013 23:00,24
7/21/2013 23:10,26
7/21/2013 23:20,25
7/21/2013 23:30,24
7/21/2013 23:40,25
7/21/2013 23:50,25
7/22/2013 00:00,22
7/22/2013 00:10,26
7/22/2013 00:20,25
7/22/2013 00:30,24
7/22/2013 00:40,25
7/22/2013 00:50,25
7/22/2013 01:00,25
7/22/2013 01:10,25
7/22/2013 01:20,25
7/22/2013 01:30,26
7/22/2013 01:40,24
7/22/2013 01:50,25
7/22/2013 02:00,26
7/22/2013 02:10,25
7/22/2013 02:20,25
7/22/2013 02:30,25
7/22/2013 02:40,25
7/22/2013 02:50,24
7/22/2013 03:00,26
7/22/2013 03:10,25
7/22/2013 03:20,27
7/22/2013 03:30,27
7/22/2013 03:40,27
7/22/2013 03:50,29
7/22/2013 04:00,30
7/22/2013 04:10,31
7/22/2013 04:20,33
7/22/2013 04:30,34
7/22/2013 04:40,37
7/22/2013 04:50,39
7/22/2013 05:00,40
7/22/2013 05:10,42
7/22/2013 05:20,43
7/22/2013 05:30,44
7/22/2013 05:40,46
7/22/2013 05:50,45
7/22/2013 06:00,45
7/22/2013 06:10,45
7/22/2013 06:20,43
7/22/2013 06:30,42
7/22/2013 06:40,45
7/22/2013 06:50,44
7/22/2013 07:00,43
7/22/2013 07:10,40
7/22/2013 07:20,39
7/22/2013 07:30,37
7/22/2013 07:40,33
7/22/2013 07:50,32
7/22/2013 08:00,35
7/22/2013 08:10,31
7/22/2013 08:20,34
7/22/2013 08:30,31
7/22/2013 08:40,34
7/22/2013 08:50,31
7/22/2013 09:00,31
7/22/2013 09:10,33
7/22/2013 09:20,32
7/22/2013 09:30,33
7/22/2013 09:40,34
7/22/2013 09:50,30
7/22/2013 10:00,34
7/22/2013 10:10,34
7/22/2013 10:20,30
7/22/2013 10:30,34
7/22/2013 10:40,32
7/22/2013 10:50,33
7/22/2013 11:00,31
7/22/2013 11:10,32
7/22/2013 11:20,25
7/22/2013 11:30,33
7/22/2013 11:40,30
7/22/2013 11:50,32
7/22/2013 12:00,34
7/22/2013 12:10,36
7/22/2013 12:20,34
7/22/2013 12:30,28
7/22/2013 12:40,38
7/22/2013 12:50,39
7/22/2013 13:00,44
7/22/2013 13:10,46
7/22/2013 13:20,45
7/22/2013 13:30,47
7/22/2013 13:40,47
7/22/2013 13:50,48
7/22/2013 14:00,46
7/22/2013 14:10,48
7/22/2013 14:20,46
7/22/2013 14:30,46
7/22/2013 14:40,46
7/22/2013 14:50,46
7/22/2013 15:00,48
7/22/2013 15:10,39
7/22/2013 15:20,41
7/22/2013 15:30,44
7/22/2013 15:40,46
7/22/2013 15:50,49
7/22/2013 16:00,43
7/22/2013 16:10,51
7/22/2013 16:20,50
7/22/2013 16:30,50
7/22/2013 16:40,50
7/22/2013 16:50,50
7/22/2013 17:00,50
7/22/2013 17:10,50
7/22/2013 17:20,50
7/22/2013 17:30,50
7/22/2013 17:40,50
7/22/2013 17:50,48
7/22/2013 18:00,48
7/22/2013 18:10,46
7/22/2013 18:20,49
7/22/2013 18:30,51
7/22/2013 18:40,51
7/22/2013 18:50,51
7/22/2013 19:00,52
7/22/2013 19:10,52
7/22/2013 19:20,52
7/22/2013 19:30,52
7/22/2013 19:40,51
7/22/2013 19:50,50
7/22/2013 20:00,50
7/22/2013 20:10,48
7/22/2013 20:20,49
7/22/2013 20:30,49
7/22/2013 20:40,49
7/22/2013 20:50,49
7/22/2013 21:00,48
7/22/2013 21:10,48
7/22/2013 21:20,47
7/22/2013 21:30,47
7/22/2013 21:40,47
7/22/2013 21:50,46
7/22/2013 22:00,46
7/22/2013 22:10,46
7/22/2013 22:20,45
7/22/2013 22:30,45
7/22/2013 22:40,45
7/22/2013 22:50,44
7/22/2013 23:00,44
7/22/2013 23:10,44
7/22/2013 23:20,44
7/22/2013 23:30,42
7/22/2013 23:40,44
7/22/2013 23:50,44
7/23/2013 00:00,44
7/23/2013 00:10,43
7/23/2013 00:20,43
7/23/2013 00:30,43
7/23/2013 00:40,43
7/23/2013 00:50,43
7/23/2013 01:00,43
7/23/2013 01:10,43
7/23/2013 01:20,42
7/23/2013 01:30,42
7/23/2013 01:40,43
7/23/2013 01:50,42
7/23/2013 02:00,41
7/23/2013 02:10,42
7/23/2013 02:20,42
7/23/2013 02:30,41
7/23/2013 02:40,41
7/23/2013 02:50,40
7/23/2013 03:00,41
7/23/2013 03:10,40
7/23/2013 03:20,40
7/23/2013 03:30,40
7/23/2013 03:40,41
7/23/2013 03:50,39
7/23/2013 04:00,40
7/23/2013 04:10,40
7/23/2013 04:20,40
7/23/2013 04:30,40
7/23/2013 04:40,42
7/23/2013 04:50,42
7/23/2013 05:00,43
7/23/2013 05:10,39
7/23/2013 05:20,42
7/23/2013 05:30,42
7/23/2013 05:40,43
7/23/2013 05:50,46
7/23/2013 06:00,48
7/23/2013 06:10,47
7/23/2013 06:20,45
7/23/2013 06:30,49
7/23/2013 06:40,48
7/23/2013 06:50,49
7/23/2013 07:00,45
7/23/2013 07:10,48
7/23/2013 07:20,47
7/23/2013 07:30,45
7/23/2013 07:40,44
7/23/2013 07:50,40
7/23/2013 08:00,43
7/23/2013 08:10,43
7/23/2013 08:20,40
7/23/2013 08:30,37
7/23/2013 08:40,37
7/23/2013 08:50,37
7/23/2013 09:00,34
7/23/2013 09:10,35
7/23/2013 09:20,34
7/23/2013 09:30,32
7/23/2013 09:40,33
7/23/2013 09:50,31
7/23/2013 10:00,30
7/23/2013 10:10,29
7/23/2013 10:20,26
7/23/2013 10:30,24
7/23/2013 10:40,24
7/23/2013 10:50,24
7/23/2013 11:00,23
7/23/2013 11:10,22
7/23/2013 11:20,25
7/23/2013 11:30,24
7/23/2013 11:40,26
7/23/2013 11:50,24
7/23/2013 12:00,26
7/23/2013 12:10,21
7/23/2013 12:20,25
7/23/2013 12:30,27
7/23/2013 12:40,28
7/23/2013 12:50,26
7/23/2013 13:00,22
7/23/2013 13:10,21
7/23/2013 13:20,21
7/23/2013 13:30,24
7/23/2013 13:40,22
7/23/2013 13:50,26
7/23/2013 14:00,27
7/23/2013 14:10,24
7/23/2013 14:20,25
7/23/2013 14:30,24
7/23/2013 14:40,27
7/23/2013 14:50,26
7/23/2013 15:00,29
7/23/2013 15:10,26
7/23/2013 15:20,18
7/23/2013 15:30,23
7/23/2013 15:40,27
7/23/2013 15:50,26
7/23/2013 16:00,27
7/23/2013 16:10,27
7/23/2013 16:20,28
7/23/2013 16:30,28
7/23/2013 16:40,27
7/23/2013 16:50,27
7/23/2013 17:00,28
7/23/2013 17:10,29
7/23/2013 17:20,29
7/23/2013 17:30,28
7/23/2013 17:40,22
7/23/2013 17:50,28
7/23/2013 18:00,29
7/23/2013 18:10,30
7/23/2013 18:20,33
7/23/2013 18:30,35
7/23/2013 18:40,36
7/23/2013 18:50,36
7/23/2013 19:00,37
7/23/2013 19:10,38
7/23/2013 19:20,38
7/23/2013 19:30,38
7/23/2013 19:40,39
7/23/2013 19:50,39
7/23/2013 20:10,38
7/23/2013 21:20,36
7/23/2013 21:40,35
7/23/2013 22:00,35
7/23/2013 22:50,32
7/23/2013 23:10,32
7/23/2013 23:40,30
7/24/2013 00:00,28
7/24/2013 01:10,29
7/24/2013 02:00,30
7/24/2013 02:50,28
7/24/2013 03:00,28
7/24/2013 03:10,28
7/24/2013 03:20,28
7/24/2013 03:50,28
7/24/2013 04:00,28
7/24/2013 04:10,27
7/24/2013 04:20,28
7/24/2013 04:30,29
7/24/2013 04:40,28
7/24/2013 04:50,27
7/24/2013 05:00,28
7/24/2013 05:10,28
7/24/2013 05:20,29
7/24/2013 05:30,29
7/24/2013 05:40,30
7/24/2013 05:50,30
7/24/2013 06:00,31
7/24/2013 06:10,33
7/24/2013 06:20,34
7/24/2013 06:30,36
7/24/2013 06:40,38
7/24/2013 06:50,39
7/24/2013 07:00,40
7/24/2013 07:10,41
7/24/2013 07:20,41
7/24/2013 07:30,42
7/24/2013 07:40,42
7/24/2013 07:50,39
7/24/2013 08:00,40
7/24/2013 08:10,37
7/24/2013 08:20,38
7/24/2013 08:30,37
7/24/2013 08:40,34
7/24/2013 08:50,34
7/24/2013 09:00,33
7/24/2013 09:10,30
7/24/2013 09:20,29
7/24/2013 09:30,26
7/24/2013 09:40,24
7/24/2013 09:50,23
7/24/2013 10:00,21
7/24/2013 10:10,19
7/24/2013 10:20,19
7/24/2013 10:30,16
7/24/2013 10:40,17
7/24/2013 10:50,14
7/24/2013 11:00,14
7/24/2013 11:10,14
7/24/2013 11:20,12
7/24/2013 11:30,12
7/24/2013 11:40,9
7/24/2013 11:50,10
7/24/2013 12:00,9
7/24/2013 12:10,9
7/24/2013 12:20,11
7/24/2013 12:30,4
7/24/2013 12:40,9
7/24/2013 12:50,11
7/24/2013 13:00,4
7/24/2013 13:10,3
7/24/2013 13:20,11
7/24/2013 13:30,8
7/24/2013 13:40,4
7/24/2013 13:50,10
7/24/2013 14:00,11
7/24/2013 14:10,10
7/24/2013 14:20,12
7/24/2013 14:30,13
7/24/2013 14:40,14
7/24/2013 14:50,16
7/24/2013 15:00,17
7/24/2013 15:10,18
7/24/2013 15:20,18
7/24/2013 15:30,17
7/24/2013 15:40,15
7/24/2013 15:50,19
7/24/2013 16:00,22
7/24/2013 16:10,9
7/24/2013 16:20,12
7/24/2013 16:30,17
7/24/2013 16:40,20
7/24/2013 16:50,20
7/24/2013 17:00,17
7/24/2013 17:10,22
7/24/2013 17:20,23
7/24/2013 17:30,24
7/24/2013 17:40,23
7/24/2013 17:50,20
7/24/2013 18:00,25
7/24/2013 18:10,24
7/24/2013 18:20,22
7/24/2013 18:30,25
7/24/2013 18:40,26
7/24/2013 18:50,28
7/24/2013 19:00,28
7/24/2013 19:10,32
7/24/2013 19:20,33
7/24/2013 19:30,34
7/24/2013 19:40,33
7/24/2013 19:50,34
7/24/2013 20:00,37
7/24/2013 20:10,36
7/24/2013 20:20,37
7/24/2013 20:30,38
7/24/2013 20:40,38
7/24/2013 20:50,38
7/24/2013 21:00,38
7/24/2013 21:10,37
7/24/2013 21:20,36
7/24/2013 21:30,36
7/24/2013 21:40,35
7/24/2013 21:50,34
7/24/2013 22:00,33
7/24/2013 22:10,33
7/24/2013 22:20,32
7/24/2013 22:30,32
7/24/2013 22:40,31
7/24/2013 22:50,30
7/24/2013 23:00,29
7/24/2013 23:10,30
7/24/2013 23:20,29
7/24/2013 23:30,29
7/24/2013 23:40,29
7/24/2013 23:50,28
7/25/2013 00:00,29
7/25/2013 00:10,29
7/25/2013 00:20,29
7/25/2013 00:30,29
7/25/2013 00:40,28
7/25/2013 00:50,28
7/25/2013 01:00,27
7/25/2013 01:10,28
7/25/2013 01:20,28
7/25/2013 01:30,28
7/25/2013 01:40,28
7/25/2013 01:50,28
7/25/2013 02:00,29
7/25/2013 02:10,30
7/25/2013 02:20,30
7/25/2013 02:30,30
7/25/2013 02:40,30
7/25/2013 02:50,31
7/25/2013 03:00,29
7/25/2013 03:10,31
7/25/2013 03:20,31
7/25/2013 03:30,31
7/25/2013 03:40,31
7/25/2013 03:50,30
7/25/2013 04:00,32
7/25/2013 04:10,32
7/25/2013 04:20,32
7/25/2013 04:30,32
7/25/2013 04:40,33
7/25/2013 04:50,32
7/25/2013 05:00,33
7/25/2013 05:10,32
7/25/2013 05:20,33
7/25/2013 05:30,33
7/25/2013 05:40,35
7/25/2013 05:50,35
7/25/2013 06:00,35
7/25/2013 06:10,36
7/25/2013 06:20,37
7/25/2013 06:30,37
7/25/2013 06:40,37
7/25/2013 06:50,39
7/25/2013 07:00,40
7/25/2013 07:10,39
7/25/2013 07:20,41
7/25/2013 07:30,43
7/25/2013 07:40,44
7/25/2013 07:50,45
7/25/2013 08:00,44
7/25/2013 08:10,44
7/25/2013 08:20,44
7/25/2013 08:30,46
7/25/2013 08:40,44
7/25/2013 08:50,43
7/25/2013 09:00,47
7/25/2013 09:10,48
7/25/2013 09:20,45
7/25/2013 09:30,46
7/25/2013 09:40,44
7/25/2013 09:50,44
7/25/2013 10:00,43
7/25/2013 10:10,40
7/25/2013 10:20,41
7/25/2013 10:30,39
7/25/2013 10:40,39
7/25/2013 10:50,36
7/25/2013 11:00,39
7/25/2013 11:10,38
7/25/2013 11:20,36
7/25/2013 11:30,36
7/25/2013 11:40,35
7/25/2013 11:50,35
7/25/2013 12:00,35
7/25/2013 12:10,34
7/25/2013 12:20,33
7/25/2013 12:30,33
7/25/2013 12:40,33
7/25/2013 12:50,33
7/25/2013 13:00,33
7/25/2013 13:10,32
7/25/2013 13:20,32
7/25/2013 13:30,33
7/25/2013 13:40,31
7/25/2013 13:50,32
7/25/2013 14:00,32
7/25/2013 14:10,31
7/25/2013 14:20,31
7/25/2013 14:30,31
7/25/2013 14:40,31
7/25/2013 14:50,28
7/25/2013 15:00,32
7/25/2013 15:10,31
7/25/2013 15:20,32
7/25/2013 15:30,35
7/25/2013 15:40,28
7/25/2013 15:50,30
7/25/2013 16:00,33
7/25/2013 16:10,34
7/25/2013 16:20,35
7/25/2013 16:30,36
7/25/2013 16:40,35
7/25/2013 16:50,35
7/25/2013 17:00,38
7/25/2013 17:10,37
7/25/2013 17:20,39
7/25/2013 17:30,40
7/25/2013 17:40,40
7/25/2013 17:50,39
7/25/2013 18:00,40
7/25/2013 18:10,43
7/25/2013 18:20,44
7/25/2013 18:30,45
7/25/2013 18:40,45
7/25/2013 18:50,45
7/25/2013 19:00,45
7/25/2013 19:10,45
7/25/2013 19:20,47
7/25/2013 19:30,47
7/25/2013 19:40,47
7/25/2013 19:50,48
7/25/2013 20:00,48
7/25/2013 20:10,50
7/25/2013 20:20,50
7/25/2013 20:30,51
7/25/2013 20:40,51
7/25/2013 20:50,51
7/25/2013 21:00,53
7/25/2013 21:10,53
7/25/2013 21:20,53
7/25/2013 21:30,53
7/25/2013 21:40,53
7/25/2013 21:50,53
7/25/2013 22:00,51
7/25/2013 22:10,53
7/25/2013 22:20,52
7/25/2013 22:30,51
7/25/2013 22:40,51
7/25/2013 22:50,50
7/25/2013 23:00,50
7/25/2013 23:10,49
7/25/2013 23:20,49
7/25/2013 23:30,49
7/25/2013 23:40,49
7/25/2013 23:50,47
7/26/2013 00:00,48
7/26/2013 00:10,48
7/26/2013 00:20,45
7/26/2013 00:30,47
7/26/2013 00:40,47
7/26/2013 00:50,48
7/26/2013 01:00,45
7/26/2013 01:10,48
7/26/2013 01:20,45
7/26/2013 01:30,44
7/26/2013 01:40,45
7/26/2013 01:50,44
7/26/2013 02:00,45
7/26/2013 02:10,44
7/26/2013 02:20,45
7/26/2013 02:30,47
7/26/2013 02:40,46
7/26/2013 02:50,47
7/26/2013 03:00,47
7/26/2013 03:10,47
7/26/2013 03:20,47
7/26/2013 03:30,47
7/26/2013 03:40,46
7/26/2013 03:50,46
7/26/2013 04:00,45
7/26/2013 04:10,46
7/26/2013 04:20,45
7/26/2013 04:30,45
7/26/2013 04:40,45
7/26/2013 04:50,45
7/26/2013 05:00,45
7/26/2013 05:10,45
7/26/2013 05:20,45
7/26/2013 05:30,43
7/26/2013 05:40,44
7/26/2013 05:50,42
7/26/2013 06:00,44
7/26/2013 06:10,43
7/26/2013 06:20,42
7/26/2013 06:30,43
7/26/2013 06:40,42
7/26/2013 06:50,43
7/26/2013 07:00,42
7/26/2013 07:10,41
7/26/2013 07:20,42
7/26/2013 07:30,42
7/26/2013 07:40,40
7/26/2013 07:50,36
7/26/2013 08:00,39
7/26/2013 08:10,39
7/26/2013 08:20,40
7/26/2013 08:30,37
7/26/2013 08:40,42
7/26/2013 08:50,40
7/26/2013 09:00,43
7/26/2013 09:10,40
7/26/2013 09:20,40
7/26/2013 09:30,40
7/26/2013 09:40,41
7/26/2013 09:50,42
7/26/2013 10:00,38
7/26/2013 10:10,38
7/26/2013 10:20,35
7/26/2013 10:30,38
7/26/2013 10:40,36
7/26/2013 10:50,34
7/26/2013 11:00,30
7/26/2013 11:10,30
7/26/2013 11:20,34
7/26/2013 11:30,33
7/26/2013 11:40,30
7/26/2013 11:50,31
7/26/2013 12:00,27
7/26/2013 12:10,27
7/26/2013 12:20,33
7/26/2013 12:30,33
7/26/2013 12:40,30
7/26/2013 12:50,33
7/26/2013 13:00,32
7/26/2013 13:10,31
7/26/2013 13:20,30
7/26/2013 13:30,30
7/26/2013 13:40,30
7/26/2013 13:50,30
7/26/2013 14:00,30
7/26/2013 14:10,29
7/26/2013 14:20,26
7/26/2013 14:30,25
7/26/2013 14:40,17
7/26/2013 14:50,28
7/26/2013 15:00,25
7/26/2013 15:10,29
7/26/2013 15:20,29
7/26/2013 15:30,30
7/26/2013 15:40,30
7/26/2013 15:50,31
7/26/2013 16:00,30
7/26/2013 16:10,31
7/26/2013 16:20,31
7/26/2013 16:30,30
7/26/2013 16:40,30
7/26/2013 16:50,28
7/26/2013 17:00,32
7/26/2013 17:10,33
7/26/2013 17:20,36
7/26/2013 17:30,34
7/26/2013 17:40,36
7/26/2013 17:50,39
7/26/2013 18:00,42
7/26/2013 18:10,36
7/26/2013 18:20,36
7/26/2013 18:30,38
7/26/2013 18:40,36
7/26/2013 18:50,32
7/26/2013 19:00,35
7/26/2013 19:10,38
7/26/2013 19:20,37
7/26/2013 19:30,34
7/26/2013 19:40,38
7/26/2013 19:50,40
7/26/2013 20:00,40
7/26/2013 20:10,39
7/26/2013 20:20,43
7/26/2013 20:30,41
7/26/2013 20:40,47
7/26/2013 20:50,48
7/26/2013 21:00,48
7/26/2013 21:10,48
7/26/2013 21:20,47
7/26/2013 21:30,47
7/26/2013 21:40,48
7/26/2013 21:50,48
7/26/2013 22:00,47
7/26/2013 22:10,49
7/26/2013 22:20,48
7/26/2013 22:30,48
7/26/2013 22:40,49
7/26/2013 22:50,48
7/26/2013 23:00,47
7/26/2013 23:10,46
7/26/2013 23:20,46
7/26/2013 23:30,46
7/26/2013 23:40,46
7/26/2013 23:50,46
7/27/2013 00:00,46
7/27/2013 00:10,45
7/27/2013 00:20,46
7/27/2013 00:30,46
7/27/2013 00:40,46
7/27/2013 00:50,46
7/27/2013 01:00,47
7/27/2013 01:10,47
7/27/2013 01:20,47
7/27/2013 01:30,47
7/27/2013 01:40,47
7/27/2013 01:50,48
7/27/2013 02:00,48
7/27/2013 02:10,48
7/27/2013 02:20,48
7/27/2013 02:30,49
7/27/2013 02:40,49
7/27/2013 02:50,50
7/27/2013 03:00,50
7/27/2013 03:10,50
7/27/2013 03:20,51
7/27/2013 03:30,51
7/27/2013 03:40,52
7/27/2013 03:50,52
7/27/2013 04:00,53
7/27/2013 04:10,53
7/27/2013 04:20,54
7/27/2013 04:30,55
7/27/2013 04:40,56
7/27/2013 04:50,57
7/27/2013 05:00,58
7/27/2013 05:10,58
7/27/2013 05:20,59
7/27/2013 05:30,60
7/27/2013 05:40,61
7/27/2013 05:50,62
7/27/2013 06:00,62
7/27/2013 06:10,63
7/27/2013 06:20,62
7/27/2013 06:30,62
7/27/2013 06:40,61
7/27/2013 06:50,60
7/27/2013 07:00,60
7/27/2013 07:10,60
7/27/2013 07:20,60
7/27/2013 07:30,57
7/27/2013 07:40,60
7/27/2013 07:50,61
7/27/2013 08:00,60
7/27/2013 08:10,60
7/27/2013 08:20,60
7/27/2013 08:30,61
7/27/2013 08:40,61
7/27/2013 08:50,61
7/27/2013 09:00,61
7/27/2013 09:10,60
7/27/2013 09:20,61
7/27/2013 09:30,61
7/27/2013 09:40,59
7/27/2013 09:50,62
7/27/2013 10:00,60
7/27/2013 10:10,61
7/27/2013 10:20,58
7/27/2013 10:30,57
7/27/2013 10:40,56
7/27/2013 10:50,56
7/27/2013 11:00,56
7/27/2013 11:10,55
7/27/2013 11:20,56
7/27/2013 11:30,56
7/27/2013 11:40,54
7/27/2013 11:50,55
7/27/2013 12:00,56
7/27/2013 12:10,54
7/27/2013 12:20,55
7/27/2013 12:30,57
7/27/2013 12:40,52
7/27/2013 12:50,55
7/27/2013 13:00,54
7/27/2013 13:10,54
7/27/2013 13:20,56
7/27/2013 13:30,56
7/27/2013 13:40,49
7/27/2013 13:50,54
7/27/2013 14:00,58
7/27/2013 14:10,54
7/27/2013 14:20,56
7/27/2013 14:30,57
7/27/2013 14:40,55
7/27/2013 14:50,55
7/27/2013 15:00,57
7/27/2013 15:10,60
7/27/2013 15:20,59
7/27/2013 15:30,58
7/27/2013 15:40,60
7/27/2013 15:50,58
7/27/2013 16:00,62
7/27/2013 16:10,61
7/27/2013 16:20,60
7/27/2013 16:30,61
7/27/2013 16:40,65
7/27/2013 16:50,63
7/27/2013 17:00,66
7/27/2013 17:10,64
7/27/2013 17:20,68
7/27/2013 17:30,67
7/27/2013 17:40,68
7/27/2013 17:50,70
7/27/2013 18:00,71
7/27/2013 18:10,72
7/27/2013 18:20,72
7/27/2013 18:30,73
7/27/2013 18:40,73
7/27/2013 18:50,75
7/27/2013 19:00,75
7/27/2013 19:10,75
7/27/2013 19:20,75
7/27/2013 19:30,76
7/27/2013 19:40,75
7/27/2013 19:50,75
7/27/2013 20:00,76
7/27/2013 20:10,76
7/27/2013 20:20,76
7/27/2013 20:30,76
7/27/2013 20:40,75
7/27/2013 20:50,75
7/27/2013 21:00,76
7/27/2013 21:10,76
7/27/2013 21:20,76
7/27/2013 21:30,75
7/27/2013 21:40,76
7/27/2013 21:50,76
7/27/2013 22:00,75
7/27/2013 22:10,76
7/27/2013 22:20,75
7/27/2013 22:30,74
7/27/2013 22:40,74
7/27/2013 22:50,73
7/27/2013 23:00,73
7/27/2013 23:10,73
7/27/2013 23:20,73
7/27/2013 23:30,73
7/27/2013 23:40,72
7/27/2013 23:50,72
7/28/2013 00:00,71
7/28/2013 00:10,71
7/28/2013 00:20,71
7/28/2013 00:30,70
7/28/2013 00:40,70
7/28/2013 00:50,70
7/28/2013 01:00,70
7/28/2013 01:10,70
7/28/2013 01:20,70
7/28/2013 01:30,69
7/28/2013 01:40,69
7/28/2013 01:50,68
7/28/2013 02:00,68
7/28/2013 02:10,68
7/28/2013 02:20,68
7/28/2013 02:30,67
7/28/2013 02:40,67
7/28/2013 02:50,66
7/28/2013 03:00,64
7/28/2013 03:10,65
7/28/2013 03:20,65
7/28/2013 03:30,64
7/28/2013 03:40,65
7/28/2013 03:50,64
7/28/2013 04:00,63
7/28/2013 04:10,63
7/28/2013 04:20,63
7/28/2013 04:30,63
7/28/2013 04:40,63
7/28/2013 04:50,62
7/28/2013 05:00,62
7/28/2013 05:10,63
7/28/2013 05:20,62
7/28/2013 05:30,62
7/28/2013 05:40,62
7/28/2013 05:50,62
7/28/2013 06:00,61
7/28/2013 06:10,61
7/28/2013 06:20,60
7/28/2013 06:30,59
7/28/2013 06:40,58
7/28/2013 06:50,55
7/28/2013 07:00,55
7/28/2013 07:10,54
7/28/2013 07:20,53
7/28/2013 07:30,49
7/28/2013 07:40,51
7/28/2013 07:50,49
7/28/2013 08:00,50
7/28/2013 08:10,48
7/28/2013 08:20,49
7/28/2013 08:30,48
7/28/2013 08:40,48
7/28/2013 08:50,48
7/28/2013 09:00,47
7/28/2013 09:10,45
7/28/2013 09:20,45
7/28/2013 09:30,46
7/28/2013 09:40,45
7/28/2013 09:50,43
7/28/2013 10:00,42
7/28/2013 10:10,44
7/28/2013 10:20,40
7/28/2013 10:30,40
7/28/2013 10:40,44
7/28/2013 10:50,41
7/28/2013 11:00,44
7/28/2013 11:10,43
7/28/2013 11:20,43
7/28/2013 11:30,43
7/28/2013 11:40,43
7/28/2013 11:50,42
7/28/2013 12:00,39
7/28/2013 12:10,40
7/28/2013 12:20,39
7/28/2013 12:30,40
7/28/2013 12:40,39
7/28/2013 12:50,41
7/28/2013 13:00,38
7/28/2013 13:10,40
7/28/2013 13:20,41
7/28/2013 13:30,43
7/28/2013 13:40,43
7/28/2013 13:50,44
7/28/2013 14:00,39
7/28/2013 14:10,41
7/28/2013 14:20,36
7/28/2013 14:30,37
7/28/2013 14:40,39
7/28/2013 14:50,34
7/28/2013 15:00,39
7/28/2013 15:10,37
7/28/2013 15:20,41
7/28/2013 15:30,43
7/28/2013 15:40,42
7/28/2013 15:50,45
7/28/2013 16:00,45
7/28/2013 16:10,45
7/28/2013 16:20,44
7/28/2013 16:30,45
7/28/2013 16:40,45
7/28/2013 16:50,41
7/28/2013 17:00,46
7/28/2013 17:10,45
7/28/2013 17:20,46
7/28/2013 17:30,47
7/28/2013 17:40,44
7/28/2013 17:50,46
7/28/2013 18:00,42
7/28/2013 18:10,47
7/28/2013 18:20,48
7/28/2013 18:30,48
7/28/2013 18:40,47
7/28/2013 18:50,47
7/28/2013 19:00,46
7/28/2013 19:10,46
7/28/2013 19:20,47
7/28/2013 19:30,49
7/28/2013 19:40,48
7/28/2013 19:50,48
7/28/2013 20:00,49
7/28/2013 20:10,49
7/28/2013 20:20,49
7/28/2013 20:30,48
7/28/2013 20:40,49
7/28/2013 20:50,49
7/28/2013 21:00,49
7/28/2013 21:10,49
7/28/2013 21:20,49
7/28/2013 21:30,50
7/28/2013 21:40,50
7/28/2013 21:50,50
7/28/2013 22:00,50
7/28/2013 22:10,50
7/28/2013 22:20,51
7/28/2013 22:30,51
7/28/2013 22:40,51
7/28/2013 22:50,51
7/28/2013 23:00,51
7/28/2013 23:10,52
7/28/2013 23:20,52
7/28/2013 23:30,52
7/28/2013 23:40,51
7/28/2013 23:50,52
7/29/2013 00:00,51
7/29/2013 00:10,51
7/29/2013 00:20,51
7/29/2013 00:30,51
7/29/2013 00:40,51
7/29/2013 00:50,50
7/29/2013 01:00,50
7/29/2013 01:10,50
7/29/2013 01:20,50
7/29/2013 01:30,51
7/29/2013 01:40,50
7/29/2013 01:50,50
7/29/2013 02:00,50
7/29/2013 02:10,49
7/29/2013 02:20,49
7/29/2013 02:30,49
7/29/2013 02:40,49
7/29/2013 02:50,49
7/29/2013 03:00,49
7/29/2013 03:10,49
7/29/2013 03:20,49
7/29/2013 03:30,49
7/29/2013 03:40,48
7/29/2013 03:50,48
7/29/2013 04:00,47
7/29/2013 04:10,48
7/29/2013 04:20,48
7/29/2013 04:30,47
7/29/2013 04:40,48
7/29/2013 04:50,48
7/29/2013 05:00,48
7/29/2013 05:10,48
7/29/2013 05:20,48
7/29/2013 05:30,48
7/29/2013 05:40,48
7/29/2013 05:50,48
7/29/2013 06:00,47
7/29/2013 06:10,48
7/29/2013 06:20,47
7/29/2013 06:30,47
7/29/2013 06:40,45
7/29/2013 06:50,45
7/29/2013 07:00,42
7/29/2013 07:10,44
7/29/2013 07:20,43
7/29/2013 07:30,39
7/29/2013 07:40,40
7/29/2013 07:50,40
7/29/2013 08:00,39
7/29/2013 08:10,37
7/29/2013 08:20,35
7/29/2013 08:30,37
7/29/2013 08:40,35
7/29/2013 08:50,36
7/29/2013 09:00,35
7/29/2013 09:10,34
7/29/2013 09:20,36
7/29/2013 09:30,37
7/29/2013 09:40,32
7/29/2013 09:50,37
7/29/2013 10:00,33
7/29/2013 10:10,36
7/29/2013 10:20,34
7/29/2013 10:30,31
7/29/2013 10:40,35
7/29/2013 10:50,34
7/29/2013 11:00,34
7/29/2013 11:10,33
7/29/2013 11:20,33
7/29/2013 11:30,31
7/29/2013 11:40,35
7/29/2013 11:50,35
7/29/2013 12:00,30
7/29/2013 12:10,32
7/29/2013 12:20,33
7/29/2013 12:30,35
7/29/2013 12:40,36
7/29/2013 12:50,33
7/29/2013 13:00,36
7/29/2013 13:10,38
7/29/2013 13:20,37
7/29/2013 13:30,40
7/29/2013 13:40,40
7/29/2013 13:50,43
7/29/2013 14:00,44
7/29/2013 14:10,43
7/29/2013 14:20,43
7/29/2013 14:30,42
7/29/2013 14:40,42
7/29/2013 14:50,39
7/29/2013 15:00,38
7/29/2013 15:10,36
7/29/2013 15:20,37
7/29/2013 15:30,38
7/29/2013 15:40,36
7/29/2013 15:50,37
7/29/2013 16:00,35
7/29/2013 16:10,38
7/29/2013 16:20,37
7/29/2013 16:30,39
7/29/2013 16:40,39
7/29/2013 16:50,39
7/29/2013 17:00,38
7/29/2013 17:10,39
7/29/2013 17:20,40
7/29/2013 17:30,40
7/29/2013 17:40,37
7/29/2013 17:50,39
7/29/2013 18:00,39
7/29/2013 18:10,39
7/29/2013 18:20,38
7/29/2013 18:30,41
7/29/2013 18:40,36
7/29/2013 18:50,42
7/29/2013 19:00,41
7/29/2013 19:10,39
7/29/2013 19:20,39
7/29/2013 19:30,43
7/29/2013 19:40,43
7/29/2013 19:50,43
7/29/2013 20:00,41
7/29/2013 20:10,43
7/29/2013 20:20,42
7/29/2013 20:30,43
7/29/2013 20:40,42
7/29/2013 20:50,43
7/29/2013 21:00,43
7/29/2013 21:10,43
7/29/2013 21:20,44
7/29/2013 21:30,43
7/29/2013 21:40,43
7/29/2013 21:50,44
7/29/2013 22:00,43
7/29/2013 22:10,43
7/29/2013 22:20,43
7/29/2013 22:30,42
7/29/2013 22:40,43
7/29/2013 22:50,43
7/29/2013 23:00,43
7/29/2013 23:10,43
7/29/2013 23:20,43
7/29/2013 23:30,43
7/29/2013 23:40,44
7/29/2013 23:50,44
7/30/2013 00:00,44
7/30/2013 00:10,44
7/30/2013 00:20,43
7/30/2013 00:30,43
7/30/2013 00:40,43
7/30/2013 00:50,43
7/30/2013 01:00,42
7/30/2013 01:10,42
7/30/2013 01:20,42
7/30/2013 01:30,42
7/30/2013 01:40,42
7/30/2013 01:50,42
7/30/2013 02:00,41
7/30/2013 02:10,40
7/30/2013 02:20,40
7/30/2013 02:30,40
7/30/2013 02:40,39
7/30/2013 02:50,40
7/30/2013 03:00,40
7/30/2013 03:10,36
7/30/2013 03:20,37
7/30/2013 03:30,39
7/30/2013 03:40,40
7/30/2013 03:50,40
7/30/2013 04:00,40
7/30/2013 04:10,39
7/30/2013 04:20,40
7/30/2013 04:30,39
7/30/2013 04:40,40
7/30/2013 04:50,39
7/30/2013 05:00,40
7/30/2013 05:10,40
7/30/2013 05:20,40
7/30/2013 05:30,40
7/30/2013 05:40,40
7/30/2013 05:50,40
7/30/2013 06:00,39
7/30/2013 06:10,41
7/30/2013 06:20,40
7/30/2013 06:30,41
7/30/2013 06:40,41
7/30/2013 06:50,41
7/30/2013 07:00,42
7/30/2013 07:10,43
7/30/2013 07:20,42
7/30/2013 07:30,40
7/30/2013 07:40,42
7/30/2013 07:50,40
7/30/2013 08:00,42
7/30/2013 08:10,40
7/30/2013 08:20,39
7/30/2013 08:30,38
7/30/2013 08:40,40
7/30/2013 08:50,39
7/30/2013 09:00,40
7/30/2013 09:10,40
7/30/2013 09:20,38
7/30/2013 09:30,42
7/30/2013 09:40,43
7/30/2013 09:50,38
7/30/2013 10:00,41
7/30/2013 10:10,41
7/30/2013 10:20,37
7/30/2013 10:30,41
7/30/2013 10:40,42
7/30/2013 10:50,36
7/30/2013 11:00,34
7/30/2013 11:10,34
7/30/2013 11:20,39
7/30/2013 11:30,38
7/30/2013 11:40,32
7/30/2013 11:50,41
7/30/2013 12:00,37
7/30/2013 12:10,32
7/30/2013 12:20,35
7/30/2013 12:30,38
7/30/2013 12:40,40
7/30/2013 12:50,38
7/30/2013 13:00,38
7/30/2013 13:10,39
7/30/2013 13:20,37
7/30/2013 13:30,39
7/30/2013 13:40,39
7/30/2013 13:50,34
7/30/2013 14:00,36
7/30/2013 14:10,35
7/30/2013 14:20,38
7/30/2013 14:30,39
7/30/2013 14:40,36
7/30/2013 14:50,37
7/30/2013 15:00,37
7/30/2013 15:10,31
7/30/2013 15:20,34
7/30/2013 15:30,39
7/30/2013 15:40,42
7/30/2013 15:50,41
7/30/2013 16:00,45
7/30/2013 16:10,46
7/30/2013 16:20,47
7/30/2013 16:30,46
7/30/2013 16:40,46
7/30/2013 16:50,45
7/30/2013 17:00,45
7/30/2013 17:10,42
7/30/2013 17:20,41
7/30/2013 17:30,45
7/30/2013 17:40,45
7/30/2013 17:50,45
7/30/2013 18:00,43
7/30/2013 18:10,42
7/30/2013 18:20,41
7/30/2013 18:30,43
7/30/2013 18:40,45
7/30/2013 18:50,45
7/30/2013 19:00,46
7/30/2013 19:10,45
7/30/2013 19:20,45
7/30/2013 19:30,46
7/30/2013 19:40,46
7/30/2013 19:50,45
7/30/2013 20:00,46
7/30/2013 20:10,46
7/30/2013 20:20,45
7/30/2013 20:30,45
7/30/2013 20:40,46
7/30/2013 20:50,46
7/30/2013 21:00,46
7/30/2013 21:10,45
7/30/2013 21:20,46
7/30/2013 21:30,47
7/30/2013 21:40,46
7/30/2013 21:50,46
7/30/2013 22:00,46
7/30/2013 22:10,47
7/30/2013 22:20,47
7/30/2013 22:30,47
7/30/2013 22:40,47
7/30/2013 22:50,47
7/30/2013 23:00,47
7/30/2013 23:10,48
7/30/2013 23:20,48
7/30/2013 23:30,49
7/30/2013 23:40,49
7/30/2013 23:50,50
7/31/2013 00:00,50
7/31/2013 00:10,50
7/31/2013 00:20,50
7/31/2013 00:30,50
7/31/2013 00:40,50
7/31/2013 00:50,51
7/31/2013 01:00,51
7/31/2013 01:10,51
7/31/2013 01:20,51
7/31/2013 01:30,51
7/31/2013 01:40,5
7/31/2013 01:50,51
7/31/2013 02:00,52
7/31/2013 02:10,52
7/31/2013 02:20,52
7/31/2013 02:30,51
7/31/2013 02:40,52
7/31/2013 02:50,52
7/31/2013 03:00,50
7/31/2013 03:10,51
7/31/2013 03:20,52
7/31/2013 03:30,52
7/31/2013 03:40,52
7/31/2013 03:50,52
7/31/2013 04:00,51
7/31/2013 04:10,51
7/31/2013 04:20,51
7/31/2013 04:30,51
7/31/2013 04:40,51
7/31/2013 04:50,52
7/31/2013 05:00,51
7/31/2013 05:10,51
7/31/2013 05:20,51
7/31/2013 05:30,51
7/31/2013 05:40,51
7/31/2013 05:50,51
7/31/2013 06:00,51
7/31/2013 06:10,50
7/31/2013 06:20,50
7/31/2013 06:30,49
7/31/2013 06:40,49
7/31/2013 06:50,49
7/31/2013 07:00,49
7/31/2013 07:10,47
7/31/2013 07:20,48
7/31/2013 07:30,46
7/31/2013 07:40,47
7/31/2013 07:50,45
7/31/2013 08:00,41
7/31/2013 08:10,45
7/31/2013 08:20,44
7/31/2013 08:30,44
7/31/2013 08:40,43
7/31/2013 08:50,42
7/31/2013 09:00,41
7/31/2013 09:10,39
7/31/2013 09:20,38
7/31/2013 09:30,38
7/31/2013 09:40,36
7/31/2013 09:50,35
7/31/2013 10:00,35
7/31/2013 10:10,32
7/31/2013 10:20,34
7/31/2013 10:30,33
7/31/2013 10:40,32
7/31/2013 10:50,30
7/31/2013 11:00,32
7/31/2013 11:10,28
7/31/2013 11:20,32
7/31/2013 11:30,29
7/31/2013 11:40,29
7/31/2013 11:50,30
7/31/2013 12:00,32
7/31/2013 12:10,31
7/31/2013 12:20,32
7/31/2013 12:30,29
7/31/2013 12:40,32
7/31/2013 12:50,28
7/31/2013 13:00,30
7/31/2013 13:10,31
7/31/2013 13:20,31
7/31/2013 13:30,26
7/31/2013 13:40,28
7/31/2013 13:50,28
7/31/2013 14:00,30
7/31/2013 14:10,29
7/31/2013 14:20,29
7/31/2013 14:30,33
7/31/2013 14:40,34
7/31/2013 14:50,35
7/31/2013 15:00,35
7/31/2013 15:10,36
7/31/2013 15:20,37
7/31/2013 15:30,37
7/31/2013 15:40,34
7/31/2013 15:50,35
7/31/2013 16:00,32
7/31/2013 16:10,33
7/31/2013 16:20,34
7/31/2013 16:30,33
7/31/2013 16:40,35
7/31/2013 16:50,36
7/31/2013 17:00,35
7/31/2013 17:10,36
7/31/2013 17:20,36
7/31/2013 17:30,36
7/31/2013 17:40,36
7/31/2013 17:50,37
7/31/2013 18:00,36
7/31/2013 18:10,37
7/31/2013 18:20,37
7/31/2013 18:30,38
7/31/2013 18:40,38
7/31/2013 18:50,38
7/31/2013 19:00,38
7/31/2013 19:10,38
7/31/2013 19:20,39
7/31/2013 19:30,35
7/31/2013 19:40,37
7/31/2013 19:50,36
7/31/2013 20:00,38
7/31/2013 20:10,35
7/31/2013 20:20,38
7/31/2013 20:30,37
7/31/2013 20:40,38
7/31/2013 20:50,38
7/31/2013 21:00,38
7/31/2013 21:10,37
7/31/2013 21:20,38
7/31/2013 21:30,38
7/31/2013 21:40,38
7/31/2013 21:50,38
7/31/2013 22:00,38
7/31/2013 22:10,37
7/31/2013 22:20,35
7/31/2013 22:30,37
7/31/2013 22:40,38
7/31/2013 22:50,38
7/31/2013 23:00,38
7/31/2013 23:10,38
7/31/2013 23:20,37
7/31/2013 23:30,38
7/31/2013 23:40,38
7/31/2013 23:50,37
8/1/2013 00:00,37
8/1/2013 00:10,38
8/1/2013 00:20,38
8/1/2013 00:30,38
8/1/2013 00:40,38
8/1/2013 00:50,37
8/1/2013 01:00,38
8/1/2013 01:10,38
8/1/2013 01:20,37
8/1/2013 01:30,36
8/1/2013 01:40,38
8/1/2013 01:50,38
8/1/2013 02:00,39
8/1/2013 02:10,39
8/1/2013 02:20,38
8/1/2013 02:30,38
8/1/2013 02:40,37
8/1/2013 02:50,38
8/1/2013 03:00,39
8/1/2013 03:10,38
8/1/2013 03:20,38
8/1/2013 03:30,39
8/1/2013 03:40,38
8/1/2013 03:50,39
8/1/2013 04:00,37
8/1/2013 04:10,37
8/1/2013 04:20,37
8/1/2013 04:30,38
8/1/2013 04:40,38
8/1/2013 04:50,37
8/1/2013 05:00,37
8/1/2013 05:10,36
8/1/2013 05:20,37
8/1/2013 05:30,37
8/1/2013 05:40,37
8/1/2013 05:50,37
8/1/2013 06:00,37
8/1/2013 06:10,36
8/1/2013 06:20,35
8/1/2013 06:30,37
8/1/2013 06:40,38
8/1/2013 06:50,37
8/1/2013 07:00,37
8/1/2013 07:10,35
8/1/2013 07:20,36
8/1/2013 07:30,37
8/1/2013 07:40,37
8/1/2013 07:50,37
8/1/2013 08:00,37
8/1/2013 08:10,37
8/1/2013 08:20,36
8/1/2013 08:30,36
8/1/2013 08:40,35
8/1/2013 08:50,35
8/1/2013 09:00,34
8/1/2013 09:10,31
8/1/2013 09:20,29
8/1/2013 09:30,31
8/1/2013 09:40,31
8/1/2013 09:50,32
8/1/2013 10:00,28
8/1/2013 10:10,32
8/1/2013 10:20,31
8/1/2013 10:30,30
8/1/2013 10:40,32
8/1/2013 10:50,29
8/1/2013 11:00,31
8/1/2013 11:10,29
8/1/2013 11:20,27
8/1/2013 11:30,29
8/1/2013 11:40,22
8/1/2013 11:50,27
8/1/2013 12:00,29
8/1/2013 12:10,28
8/1/2013 12:20,28
8/1/2013 12:30,27
8/1/2013 12:40,26
8/1/2013 12:50,29
8/1/2013 13:00,25
8/1/2013 13:10,27
8/1/2013 13:20,27
8/1/2013 13:30,25
8/1/2013 13:40,25
8/1/2013 13:50,26
8/1/2013 14:00,21
8/1/2013 14:10,24
8/1/2013 14:20,25
8/1/2013 14:30,27
8/1/2013 14:40,22
8/1/2013 14:50,23
8/1/2013 15:00,27
8/1/2013 15:10,25
8/1/2013 15:20,29
8/1/2013 15:30,27
8/1/2013 15:40,29
8/1/2013 15:50,29
8/1/2013 16:00,29
8/1/2013 16:10,30
8/1/2013 16:20,31
8/1/2013 16:30,32
8/1/2013 16:40,33
8/1/2013 16:50,35
8/1/2013 17:00,36
8/1/2013 17:10,36
8/1/2013 17:20,34
8/1/2013 17:30,36
8/1/2013 17:40,36
8/1/2013 17:50,36
8/1/2013 18:00,34
8/1/2013 18:10,36
8/1/2013 18:20,34
8/1/2013 18:30,36
8/1/2013 18:40,36
8/1/2013 18:50,36
8/1/2013 19:00,36
8/1/2013 19:10,36
8/1/2013 19:20,36
8/1/2013 19:30,36
8/1/2013 19:40,34
8/1/2013 19:50,37
8/1/2013 20:00,37
8/1/2013 20:10,37
8/1/2013 20:20,37
8/1/2013 20:30,36
8/1/2013 20:40,36
8/1/2013 20:50,36
8/1/2013 21:00,37
8/1/2013 21:10,36
8/1/2013 21:20,37
8/1/2013 21:30,37
8/1/2013 21:40,37
8/1/2013 21:50,38
8/1/2013 22:00,37
8/1/2013 22:10,37
8/1/2013 22:20,38
8/1/2013 22:30,38
8/1/2013 22:40,37
8/1/2013 22:50,38
8/1/2013 23:00,37
8/1/2013 23:10,38
8/1/2013 23:20,38
8/1/2013 23:30,38
8/1/2013 23:40,36
8/1/2013 23:50,37
8/2/2013 00:00,38
8/2/2013 00:10,38
8/2/2013 00:20,38
8/2/2013 00:30,38
8/2/2013 00:40,37
8/2/2013 00:50,37
8/2/2013 01:00,37
8/2/2013 01:10,37
8/2/2013 01:20,38
8/2/2013 01:30,38
8/2/2013 01:40,38
8/2/2013 01:50,37
8/2/2013 02:00,38
8/2/2013 02:10,37
8/2/2013 02:20,37
8/2/2013 02:30,37
8/2/2013 02:40,38
8/2/2013 02:50,38
8/2/2013 03:00,39
8/2/2013 03:10,38
8/2/2013 03:20,38
8/2/2013 03:30,38
8/2/2013 03:40,38
8/2/2013 03:50,39
8/2/2013 04:00,38
8/2/2013 04:10,39
8/2/2013 04:20,39
8/2/2013 04:30,39
8/2/2013 04:40,39
8/2/2013 04:50,38
8/2/2013 05:00,38
8/2/2013 05:10,38
8/2/2013 05:20,38
8/2/2013 05:30,38
8/2/2013 05:40,37
8/2/2013 05:50,37
8/2/2013 06:00,37
8/2/2013 06:10,37
8/2/2013 06:20,36
8/2/2013 06:30,33
8/2/2013 06:40,37
8/2/2013 06:50,36
8/2/2013 07:00,35
8/2/2013 07:10,34
8/2/2013 07:20,34
8/2/2013 07:30,32
8/2/2013 07:40,32
8/2/2013 07:50,26
8/2/2013 08:00,27
8/2/2013 08:10,29
8/2/2013 08:20,29
8/2/2013 08:30,27
8/2/2013 08:40,24
8/2/2013 08:50,25
8/2/2013 09:00,25
8/2/2013 09:10,21
8/2/2013 09:20,23
8/2/2013 09:30,25
8/2/2013 09:40,25
8/2/2013 09:50,20
8/2/2013 10:00,19
8/2/2013 10:10,21
8/2/2013 10:20,22
8/2/2013 10:30,18
8/2/2013 10:40,23
8/2/2013 10:50,20
8/2/2013 11:00,19
8/2/2013 11:10,18
8/2/2013 11:20,20
8/2/2013 11:30,22
8/2/2013 11:40,19
8/2/2013 11:50,20
8/2/2013 12:00,25
8/2/2013 12:10,21
8/2/2013 12:20,27
8/2/2013 12:30,25
8/2/2013 12:40,25
8/2/2013 12:50,23
8/2/2013 13:00,21
8/2/2013 13:10,21
8/2/2013 13:20,24
8/2/2013 13:30,16
8/2/2013 13:40,23
8/2/2013 13:50,22
8/2/2013 14:00,22
8/2/2013 14:10,17
8/2/2013 14:20,18
8/2/2013 14:30,21
8/2/2013 14:40,19
8/2/2013 14:50,21
8/2/2013 15:00,18
8/2/2013 15:10,18
8/2/2013 15:20,21
8/2/2013 15:30,23
8/2/2013 15:50,23
8/2/2013 16:00,25
8/2/2013 16:10,22
8/2/2013 16:20,26
8/2/2013 16:30,28
8/2/2013 16:40,28
8/2/2013 16:50,26
8/2/2013 17:00,23
8/2/2013 17:10,28
8/2/2013 17:20,28
8/2/2013 17:30,31
8/2/2013 17:40,30
8/2/2013 17:50,31
8/2/2013 18:00,27
8/2/2013 18:10,31
8/2/2013 18:20,27
8/2/2013 18:30,29
8/2/2013 18:40,32
8/2/2013 18:50,31
8/2/2013 19:00,34
8/2/2013 19:10,33
8/2/2013 19:20,34
8/2/2013 19:30,35
8/2/2013 19:40,36
8/2/2013 19:50,37
8/2/2013 20:00,36
8/2/2013 20:10,37
8/2/2013 20:20,36
8/2/2013 20:30,37
8/2/2013 20:40,37
8/2/2013 20:50,38
8/2/2013 21:00,38
8/2/2013 21:10,39
8/2/2013 21:20,39
8/2/2013 21:30,39
8/2/2013 21:40,40
8/2/2013 21:50,39
8/2/2013 22:00,40
8/2/2013 22:10,40
8/2/2013 22:20,39
8/2/2013 22:30,40
8/2/2013 22:40,41
8/2/2013 22:50,41
8/2/2013 23:00,41
8/2/2013 23:10,42
8/2/2013 23:20,42
8/2/2013 23:30,42
8/2/2013 23:40,43
8/2/2013 23:50,44
8/3/2013 00:00,45
8/3/2013 00:10,46
8/3/2013 00:20,46
8/3/2013 00:30,47
8/3/2013 00:40,47
8/3/2013 00:50,47
8/3/2013 01:00,47
8/3/2013 01:10,48
8/3/2013 01:20,48
8/3/2013 01:30,48
8/3/2013 01:40,48
8/3/2013 01:50,49
8/3/2013 02:00,49
8/3/2013 02:10,50
8/3/2013 02:20,50
8/3/2013 02:30,51
8/3/2013 02:40,51
8/3/2013 02:50,51
8/3/2013 03:00,51
8/3/2013 03:10,52
8/3/2013 03:20,52
8/3/2013 03:30,52
8/3/2013 03:40,52
8/3/2013 03:50,51
8/3/2013 04:00,54
8/3/2013 04:10,53
8/3/2013 04:20,54
8/3/2013 04:30,54
8/3/2013 04:40,54
8/3/2013 04:50,54
8/3/2013 05:00,54
8/3/2013 05:10,53
8/3/2013 05:20,53
8/3/2013 05:30,52
8/3/2013 05:40,52
8/3/2013 05:50,52
8/3/2013 06:00,52
8/3/2013 06:10,51
8/3/2013 06:20,50
8/3/2013 06:30,49
8/3/2013 06:40,48
8/3/2013 06:50,46
8/3/2013 07:00,45
8/3/2013 07:10,43
8/3/2013 07:20,43
8/3/2013 07:30,44
8/3/2013 07:40,43
8/3/2013 07:50,42
8/3/2013 08:00,42
8/3/2013 08:10,41
8/3/2013 08:20,40
8/3/2013 08:30,38
8/3/2013 08:40,37
8/3/2013 08:50,35
8/3/2013 09:00,32
8/3/2013 09:10,31
8/3/2013 09:20,29
8/3/2013 09:30,26
8/3/2013 09:40,29
8/3/2013 09:50,28
8/3/2013 10:00,28
8/3/2013 10:10,28
8/3/2013 10:20,29
8/3/2013 10:30,27
8/3/2013 10:40,29
8/3/2013 10:50,30
8/3/2013 11:00,29
8/3/2013 11:10,30
8/3/2013 11:20,29
8/3/2013 11:30,32
8/3/2013 11:40,31
8/3/2013 11:50,33
8/3/2013 12:00,30
8/3/2013 12:10,32
8/3/2013 12:20,27
8/3/2013 12:30,32
8/3/2013 12:40,33
8/3/2013 12:50,32
8/3/2013 13:00,31
8/3/2013 13:10,31
8/3/2013 13:20,28
8/3/2013 13:30,25
8/3/2013 13:40,30
8/3/2013 13:50,29
8/3/2013 14:00,31
8/3/2013 14:10,34
8/3/2013 14:20,34
8/3/2013 14:30,33
8/3/2013 14:40,39
8/3/2013 14:50,36
8/3/2013 15:00,39
8/3/2013 15:10,38
8/3/2013 15:20,38
8/3/2013 15:30,37
8/3/2013 15:40,38
8/3/2013 15:50,38
8/3/2013 16:00,39
8/3/2013 16:10,38
8/3/2013 16:20,38
8/3/2013 16:30,33
8/3/2013 16:40,38
8/3/2013 16:50,38
8/3/2013 17:00,39
8/3/2013 17:10,40
8/3/2013 17:20,40
8/3/2013 17:30,41
8/3/2013 17:40,43
8/3/2013 17:50,43
8/3/2013 18:00,42
8/3/2013 18:10,44
8/3/2013 18:20,43
8/3/2013 18:30,46
8/3/2013 18:40,45
8/3/2013 18:50,46
8/3/2013 19:00,47
8/3/2013 19:10,48
8/3/2013 19:20,50
8/3/2013 19:30,50
8/3/2013 19:40,50
8/3/2013 19:50,52
8/3/2013 20:00,52
8/3/2013 20:10,52
8/3/2013 20:20,52
8/3/2013 20:30,53
8/3/2013 20:40,54
8/3/2013 20:50,54
8/3/2013 21:00,55
8/3/2013 21:10,55
8/3/2013 21:20,55
8/3/2013 21:30,54
8/3/2013 21:40,55
8/3/2013 21:50,55
8/3/2013 22:00,55
8/3/2013 22:10,55
8/3/2013 22:20,55
8/3/2013 22:30,55
8/3/2013 22:40,56
8/3/2013 22:50,55
8/3/2013 23:00,55
8/3/2013 23:10,55
8/3/2013 23:20,54
8/3/2013 23:30,56
8/3/2013 23:40,56
8/3/2013 23:50,54
8/4/2013 00:00,54
8/4/2013 00:10,55
8/4/2013 00:20,47
8/4/2013 00:30,49
8/4/2013 00:40,53
8/4/2013 00:50,53
8/4/2013 01:00,53
8/4/2013 01:10,54
8/4/2013 01:20,53
8/4/2013 01:30,54
8/4/2013 01:40,52
8/4/2013 01:50,54
8/4/2013 02:00,53
8/4/2013 02:10,55
8/4/2013 02:20,50
8/4/2013 02:30,52
8/4/2013 02:40,55
8/4/2013 02:50,54
8/4/2013 03:00,54
8/4/2013 03:10,55
8/4/2013 03:20,55
8/4/2013 03:30,53
8/4/2013 03:40,49
8/4/2013 03:50,48
8/4/2013 04:00,51
8/4/2013 04:10,51
8/4/2013 04:20,50
8/4/2013 04:30,51
8/4/2013 04:40,54
8/4/2013 04:50,53
8/4/2013 05:00,53
8/4/2013 05:10,54
8/4/2013 05:20,54
8/4/2013 05:30,55
8/4/2013 05:40,55
8/4/2013 05:50,56
8/4/2013 06:00,55
8/4/2013 06:10,55
8/4/2013 06:20,53
8/4/2013 06:30,54
8/4/2013 06:40,54
8/4/2013 06:50,53
8/4/2013 07:00,52
8/4/2013 07:10,50
8/4/2013 07:20,50
8/4/2013 07:30,50
8/4/2013 07:40,49
8/4/2013 07:50,50
8/4/2013 08:00,50
8/4/2013 08:10,48
8/4/2013 08:20,48
8/4/2013 08:30,49
8/4/2013 08:40,46
8/4/2013 08:50,45
8/4/2013 09:00,43
8/4/2013 09:10,43
8/4/2013 09:20,41
8/4/2013 09:30,41
8/4/2013 09:40,40
8/4/2013 09:50,40
8/4/2013 10:00,39
8/4/2013 10:10,40
8/4/2013 10:20,40
8/4/2013 10:30,38
8/4/2013 10:40,38
8/4/2013 10:50,39
8/4/2013 11:00,37
8/4/2013 11:10,40
8/4/2013 11:20,40
8/4/2013 11:30,44
8/4/2013 11:40,41
8/4/2013 11:50,42
8/4/2013 12:00,44
8/4/2013 12:10,39
8/4/2013 12:20,41
8/4/2013 12:30,39
8/4/2013 12:40,36
8/4/2013 12:50,36
8/4/2013 13:00,32
8/4/2013 13:10,33
8/4/2013 13:20,33
8/4/2013 13:30,32
8/4/2013 13:40,28
8/4/2013 13:50,36
8/4/2013 14:00,32
8/4/2013 14:10,35
8/4/2013 14:20,37
8/4/2013 14:30,37
8/4/2013 14:40,37
8/4/2013 14:50,38
8/4/2013 15:00,37
8/4/2013 15:10,38
8/4/2013 15:20,39
8/4/2013 15:30,39
8/4/2013 15:40,37
8/4/2013 15:50,39
8/4/2013 16:00,41
8/4/2013 16:10,40
8/4/2013 16:20,38
8/4/2013 16:30,41
8/4/2013 16:40,41
8/4/2013 16:50,40
8/4/2013 17:00,41
8/4/2013 17:10,40
8/4/2013 17:20,39
8/4/2013 17:30,38
8/4/2013 17:40,39
8/4/2013 17:50,41
8/4/2013 18:00,41
8/4/2013 18:10,42
8/4/2013 18:20,42
8/4/2013 18:30,43
8/4/2013 18:40,43
8/4/2013 18:50,44
8/4/2013 19:00,44
8/4/2013 19:10,44
8/4/2013 19:20,45
8/4/2013 19:30,44
8/4/2013 19:40,43
8/4/2013 19:50,45
8/4/2013 20:00,46
8/4/2013 20:10,45
8/4/2013 20:20,46
8/4/2013 20:30,46
8/4/2013 20:40,45
8/4/2013 20:50,46
8/4/2013 21:00,46
8/4/2013 21:10,46
8/4/2013 21:20,45
8/4/2013 21:30,46
8/4/2013 21:40,45
8/4/2013 21:50,46
8/4/2013 22:00,46
8/4/2013 22:10,47
8/4/2013 22:20,46
8/4/2013 22:30,46
8/4/2013 22:40,46
8/4/2013 22:50,46
8/4/2013 23:00,46
8/4/2013 23:10,47
8/4/2013 23:20,47
8/4/2013 23:30,46
8/4/2013 23:40,47
8/4/2013 23:50,47
8/5/2013 00:00,46
8/5/2013 00:10,47
8/5/2013 00:20,46
8/5/2013 00:30,46
8/5/2013 00:40,46
8/5/2013 00:50,48
8/5/2013 01:00,48
8/5/2013 01:10,46
8/5/2013 01:20,48
8/5/2013 01:30,48
8/5/2013 01:40,48
8/5/2013 01:50,48
8/5/2013 02:00,48
8/5/2013 02:10,48
8/5/2013 02:20,48
8/5/2013 02:30,48
8/5/2013 02:40,48
8/5/2013 02:50,49
8/5/2013 03:00,49
8/5/2013 03:10,49
8/5/2013 03:20,49
8/5/2013 03:30,49
8/5/2013 03:40,49
8/5/2013 03:50,48
8/5/2013 04:00,49
8/5/2013 04:10,49
8/5/2013 04:20,49
8/5/2013 04:30,49
8/5/2013 04:40,50
8/5/2013 04:50,50
8/5/2013 05:00,51
8/5/2013 05:10,51
8/5/2013 05:20,52
8/5/2013 05:30,52
8/5/2013 05:40,52
8/5/2013 05:50,53
8/5/2013 06:00,52
8/5/2013 06:10,53
8/5/2013 06:20,53
8/5/2013 06:30,52
8/5/2013 06:40,52
8/5/2013 06:50,51
8/5/2013 07:00,50
8/5/2013 07:10,49
8/5/2013 07:20,44
8/5/2013 07:30,46
8/5/2013 07:40,41
8/5/2013 07:50,42
8/5/2013 08:00,38
8/5/2013 08:10,42
8/5/2013 08:20,39
8/5/2013 08:30,40
8/5/2013 08:40,41
8/5/2013 08:50,40
8/5/2013 09:00,39
8/5/2013 09:10,36
8/5/2013 09:20,36
8/5/2013 09:30,37
8/5/2013 09:40,37
8/5/2013 09:50,31
8/5/2013 10:00,35
8/5/2013 10:10,36
8/5/2013 10:20,35
8/5/2013 10:30,34
8/9/2013 12:20,8
8/9/2013 12:30,3
8/9/2013 12:40,5
8/9/2013 12:50,10
8/9/2013 13:00,5
8/9/2013 13:10,11
8/9/2013 13:20,15
8/9/2013 13:30,18
8/9/2013 13:40,19
8/9/2013 13:50,16
8/9/2013 14:00,17
8/9/2013 14:10,15
8/9/2013 14:20,15
8/9/2013 14:30,16
8/9/2013 14:40,17
8/9/2013 14:50,16
8/9/2013 15:00,18
8/9/2013 15:10,18
8/9/2013 15:20,17
8/9/2013 15:30,13
8/9/2013 15:40,15
8/9/2013 15:50,11
8/9/2013 16:00,14
8/9/2013 16:10,13
8/9/2013 16:20,11
8/9/2013 16:30,11
8/9/2013 16:40,13
8/9/2013 16:50,15
8/9/2013 17:00,14
8/9/2013 17:10,17
8/9/2013 17:20,16
8/9/2013 17:30,17
8/9/2013 17:40,18
8/9/2013 17:50,18
8/9/2013 18:00,19
8/9/2013 18:10,20
8/9/2013 18:20,20
8/9/2013 18:30,22
8/9/2013 18:40,23
8/9/2013 18:50,26
8/9/2013 19:00,27
8/9/2013 19:10,29
8/9/2013 19:20,31
8/9/2013 19:30,33
8/9/2013 19:40,34
8/9/2013 19:50,35
8/9/2013 20:00,36
8/9/2013 20:10,37
8/9/2013 20:20,37
8/9/2013 20:30,37
8/9/2013 20:40,38
8/9/2013 20:50,37
8/9/2013 21:00,37
8/9/2013 21:10,36
8/9/2013 21:20,35
8/9/2013 21:30,34
8/9/2013 21:40,33
8/9/2013 21:50,32
8/9/2013 22:00,29
8/9/2013 22:10,31
8/9/2013 22:20,30
8/9/2013 22:30,29
8/9/2013 22:40,30
8/9/2013 22:50,29
8/9/2013 23:00,27
8/9/2013 23:10,28
8/9/2013 23:20,26
8/9/2013 23:30,25
8/9/2013 23:40,26
8/9/2013 23:50,24
8/10/2013 00:00,26
8/10/2013 00:10,25
8/10/2013 00:20,23
8/10/2013 00:30,25
8/10/2013 00:40,23
8/10/2013 00:50,24
8/10/2013 01:00,24
8/10/2013 01:10,24
8/10/2013 01:20,23
8/10/2013 01:30,21
8/10/2013 01:40,24
8/10/2013 01:50,24
8/10/2013 02:00,23
8/10/2013 02:10,25
8/10/2013 02:20,24
8/10/2013 02:30,24
8/10/2013 02:40,24
8/10/2013 02:50,24
8/10/2013 03:00,22
8/10/2013 03:10,23
8/10/2013 03:20,23
8/10/2013 03:30,22
8/10/2013 03:40,23
8/10/2013 03:50,23
8/10/2013 04:00,22
8/10/2013 04:10,23
8/10/2013 04:20,21
8/10/2013 04:30,23
8/10/2013 04:40,21
8/10/2013 04:50,21
8/10/2013 05:00,23
8/10/2013 05:10,22
8/10/2013 05:20,23
8/10/2013 05:30,23
8/10/2013 05:40,21
8/10/2013 05:50,23
8/10/2013 06:00,23
8/10/2013 06:10,22
8/10/2013 06:20,20
8/10/2013 06:30,20
8/10/2013 06:40,20
8/10/2013 06:50,17
8/10/2013 07:00,16
8/10/2013 07:10,14
8/10/2013 07:20,13
8/10/2013 07:30,13
8/10/2013 07:40,13
8/10/2013 07:50,11
8/10/2013 08:00,13
8/10/2013 08:10,15
8/10/2013 08:20,14
8/10/2013 08:30,14
8/10/2013 08:40,17
8/10/2013 08:50,15
8/10/2013 09:00,17
8/10/2013 09:10,16
8/10/2013 09:20,13
8/10/2013 09:30,15
8/10/2013 09:40,18
8/10/2013 09:50,16
8/10/2013 10:00,18
8/10/2013 10:10,17
8/10/2013 10:20,15
8/10/2013 10:30,14
8/10/2013 10:40,15
8/10/2013 10:50,10
8/10/2013 11:00,12
8/10/2013 11:10,10
8/10/2013 11:20,12
8/10/2013 11:30,10
8/10/2013 11:40,7
8/10/2013 11:50,7
8/10/2013 12:00,9
8/10/2013 12:10,8
8/10/2013 12:20,11
8/10/2013 12:30,11
8/10/2013 12:40,10
8/10/2013 12:50,11
8/10/2013 13:00,6
8/10/2013 13:10,7
8/10/2013 13:20,7
8/10/2013 13:30,13
8/10/2013 13:40,8
8/10/2013 13:50,10
8/10/2013 14:00,8
8/10/2013 14:10,9
8/10/2013 14:20,12
8/10/2013 14:30,13
8/10/2013 14:40,13
8/10/2013 14:50,13
8/10/2013 15:00,17
8/10/2013 15:10,13
8/10/2013 15:20,14
8/10/2013 15:30,11
8/10/2013 15:40,9
8/10/2013 15:50,10
8/10/2013 16:00,10
8/10/2013 16:10,9
8/10/2013 16:20,10
8/10/2013 16:30,9
8/10/2013 16:40,9
8/10/2013 16:50,9
8/10/2013 17:00,9
8/10/2013 17:10,12
8/10/2013 17:20,17
8/10/2013 17:30,18
8/10/2013 17:40,17
8/10/2013 17:50,17
8/10/2013 18:00,15
8/10/2013 18:10,18
8/10/2013 18:20,17
8/10/2013 18:30,19
8/10/2013 18:40,20
8/10/2013 18:50,21
8/10/2013 19:00,22
8/10/2013 19:10,21
8/10/2013 19:20,21
8/10/2013 19:30,24
8/10/2013 19:40,24
8/10/2013 19:50,26
8/10/2013 20:00,27
8/10/2013 20:10,28
8/10/2013 20:20,30
8/10/2013 20:30,32
8/10/2013 20:40,32
8/10/2013 20:50,33
8/10/2013 21:00,32
8/10/2013 21:10,34
8/10/2013 21:20,34
8/10/2013 21:30,35
8/10/2013 21:40,33
8/10/2013 21:50,32
8/10/2013 22:00,32
8/10/2013 22:10,32
8/10/2013 22:20,31
8/10/2013 22:30,30
8/10/2013 22:40,29
8/10/2013 22:50,28
8/10/2013 23:00,27
8/10/2013 23:10,26
8/10/2013 23:20,26
8/10/2013 23:30,26
8/10/2013 23:40,24
8/10/2013 23:50,24
8/11/2013 00:00,22
8/11/2013 00:10,23
8/11/2013 00:20,24
8/11/2013 00:30,24
8/11/2013 00:40,22
8/11/2013 00:50,24
8/11/2013 01:00,23
8/11/2013 01:10,21
8/11/2013 01:20,21
8/11/2013 01:30,23
8/11/2013 01:40,22
8/11/2013 01:50,23
8/11/2013 02:00,22
8/11/2013 02:10,23
8/11/2013 02:20,22
8/11/2013 02:30,22
8/11/2013 02:40,22
8/11/2013 02:50,22
8/11/2013 03:00,22
8/11/2013 03:10,23
8/11/2013 03:20,21
8/11/2013 03:30,22
8/11/2013 03:40,22
8/11/2013 03:50,23
8/11/2013 04:00,22
8/11/2013 04:10,22
8/11/2013 04:20,20
8/11/2013 04:30,22
8/11/2013 04:40,24
8/11/2013 04:50,23
8/11/2013 05:00,23
8/11/2013 05:10,22
8/11/2013 05:20,23
8/11/2013 05:30,25
8/11/2013 05:40,24
8/11/2013 05:50,20
8/11/2013 06:00,25
8/11/2013 06:10,23
8/11/2013 06:20,24
8/11/2013 06:30,23
8/11/2013 06:40,23
8/11/2013 06:50,22
8/11/2013 07:00,23
8/11/2013 07:10,23
8/11/2013 07:20,22
8/11/2013 07:30,21
8/11/2013 07:40,21
8/11/2013 07:50,19
8/11/2013 08:00,20
8/11/2013 08:10,17
8/11/2013 08:20,19
8/11/2013 08:30,19
8/11/2013 08:40,19
8/11/2013 08:50,21
8/11/2013 09:00,22
8/11/2013 09:10,22
8/11/2013 09:20,22
8/11/2013 09:30,22
8/11/2013 09:40,21
8/11/2013 09:50,19
8/11/2013 10:00,20
8/11/2013 10:10,17
8/11/2013 10:20,16
8/11/2013 10:30,14
8/11/2013 12:20,14
8/11/2013 12:30,12
8/11/2013 12:40,13
8/11/2013 12:50,12
8/11/2013 13:00,12
8/11/2013 13:10,12
8/11/2013 13:20,14
8/11/2013 13:30,15
8/11/2013 13:40,17
8/11/2013 13:50,19
8/11/2013 14:00,17
8/11/2013 14:10,17
8/11/2013 14:20,17
8/11/2013 14:40,16
8/11/2013 14:50,14
8/11/2013 15:00,17
8/11/2013 15:10,17
8/11/2013 15:20,20
8/11/2013 15:30,22
8/11/2013 15:40,23
8/11/2013 15:50,24
8/11/2013 16:00,24
8/11/2013 16:10,24
8/11/2013 16:20,26
8/11/2013 16:30,25
8/11/2013 16:40,24
8/11/2013 16:50,25
8/11/2013 17:00,25
8/11/2013 17:10,24
8/11/2013 17:20,25
8/11/2013 17:30,26
8/11/2013 17:40,27
8/11/2013 17:50,27
8/11/2013 18:00,26
8/11/2013 18:10,26
8/11/2013 18:20,26
8/11/2013 18:30,27
8/11/2013 18:40,27
8/11/2013 18:50,28
8/11/2013 19:00,28
8/11/2013 19:10,28
8/11/2013 19:20,28
8/11/2013 19:30,29
8/11/2013 19:40,26
8/11/2013 19:50,29
8/11/2013 20:00,30
8/11/2013 20:10,30
8/11/2013 20:20,31
8/11/2013 20:30,29
8/11/2013 20:40,33
8/11/2013 20:50,34
8/11/2013 21:00,35
8/11/2013 21:10,35
8/11/2013 21:20,37
8/11/2013 21:30,37
8/11/2013 21:40,38
8/11/2013 21:50,39
8/11/2013 22:00,42
8/11/2013 22:10,40
8/11/2013 22:20,40
8/11/2013 22:30,38
8/11/2013 22:40,40
8/11/2013 22:50,39
8/11/2013 23:00,39
8/11/2013 23:10,38
8/11/2013 23:20,37
8/11/2013 23:30,37
8/11/2013 23:40,37
8/11/2013 23:50,36
8/12/2013 00:00,38
8/12/2013 00:10,35
8/12/2013 00:20,35
8/12/2013 00:30,35
8/12/2013 00:40,34
8/12/2013 00:50,34
8/12/2013 01:00,34
8/12/2013 01:10,35
8/12/2013 01:20,35
8/12/2013 01:30,37
8/12/2013 01:40,35
8/12/2013 01:50,33
8/12/2013 02:00,32
8/12/2013 02:10,33
8/12/2013 02:20,32
8/12/2013 02:30,34
8/12/2013 02:40,33
8/12/2013 02:50,30
8/12/2013 03:00,32
8/12/2013 03:10,31
8/12/2013 03:20,32
8/12/2013 03:30,32
8/12/2013 03:40,31
8/12/2013 03:50,31
8/12/2013 04:00,29
8/12/2013 04:10,29
8/12/2013 04:20,32
8/12/2013 04:30,31
8/12/2013 04:40,32
8/12/2013 04:50,32
8/12/2013 05:00,33
8/12/2013 05:10,31
8/12/2013 05:20,32
8/12/2013 05:30,31
8/12/2013 05:40,33
8/12/2013 05:50,33
8/12/2013 06:00,33
8/12/2013 06:10,33
8/12/2013 06:20,33
8/12/2013 06:30,34
8/12/2013 06:40,35
8/12/2013 06:50,36
8/12/2013 07:00,36
8/12/2013 07:10,37
8/12/2013 07:20,34
8/12/2013 07:30,36
8/12/2013 07:40,36
8/12/2013 07:50,36
8/12/2013 08:00,37
8/12/2013 08:10,38
8/12/2013 08:20,38
8/12/2013 08:30,38
8/12/2013 08:40,38
8/12/2013 08:50,39
8/12/2013 09:00,39
8/12/2013 09:10,39
8/12/2013 09:20,38
8/12/2013 09:30,41
8/12/2013 09:40,41
8/12/2013 09:50,42
8/12/2013 10:00,42
8/12/2013 10:10,44
8/12/2013 10:20,45
8/12/2013 10:30,45
8/12/2013 10:40,44
8/12/2013 10:50,47
8/12/2013 11:00,45
8/12/2013 11:10,43
8/12/2013 11:20,46
8/12/2013 11:30,45
8/12/2013 11:40,45
8/12/2013 11:50,45
8/12/2013 12:00,46
8/12/2013 12:10,44
8/12/2013 12:20,46
8/12/2013 12:30,46
8/12/2013 12:40,47
8/12/2013 12:50,46
8/12/2013 13:00,46
8/12/2013 13:10,45
8/12/2013 13:20,43
8/12/2013 13:30,46
8/12/2013 13:40,45
8/12/2013 13:50,46
8/12/2013 14:00,45
8/12/2013 14:10,46
8/12/2013 14:20,47
8/12/2013 14:30,48
8/12/2013 14:40,47
8/12/2013 14:50,49
8/12/2013 15:00,51
8/12/2013 15:10,51
8/12/2013 15:20,50
8/12/2013 15:30,51
8/12/2013 15:40,51
8/12/2013 15:50,52
8/12/2013 16:00,49
8/12/2013 16:10,49
8/12/2013 16:20,53
8/12/2013 16:30,52
8/12/2013 16:40,51
8/12/2013 16:50,52
8/12/2013 17:00,53
8/12/2013 17:10,53
8/12/2013 17:20,54
8/12/2013 17:30,54
8/12/2013 17:40,54
8/12/2013 17:50,54
8/12/2013 18:00,55
8/12/2013 18:10,55
8/12/2013 18:20,55
8/12/2013 18:30,53
8/12/2013 18:40,55
8/12/2013 18:50,56
8/12/2013 19:00,56
8/12/2013 19:10,57
8/12/2013 19:20,57
8/12/2013 19:30,58
8/12/2013 19:40,58
8/12/2013 19:50,58
8/12/2013 20:00,58
8/12/2013 20:10,57
8/12/2013 20:20,58
8/12/2013 20:30,59
8/12/2013 20:40,60
8/12/2013 20:50,60
8/12/2013 21:00,61
8/12/2013 21:10,60
8/12/2013 21:20,61
8/12/2013 21:30,61
8/12/2013 21:40,60
8/12/2013 21:50,61
8/12/2013 22:00,62
8/12/2013 22:10,62
8/12/2013 22:20,63
8/12/2013 22:30,63
8/12/2013 22:40,64
8/12/2013 22:50,63
8/12/2013 23:00,64
8/12/2013 23:10,65
8/12/2013 23:20,65
8/12/2013 23:30,66
8/12/2013 23:40,66
8/12/2013 23:50,67
8/13/2013 00:00,67
8/13/2013 00:10,67
8/13/2013 00:20,68
8/13/2013 00:30,67
8/13/2013 00:40,68
8/13/2013 00:50,68
8/13/2013 01:00,69
8/13/2013 01:10,69
8/13/2013 01:20,69
8/13/2013 01:30,70
8/13/2013 01:40,70
8/13/2013 01:50,70
8/13/2013 02:00,70
8/13/2013 02:10,70
8/13/2013 02:20,71
8/13/2013 02:30,71
8/13/2013 02:40,71
8/13/2013 02:50,71
8/13/2013 03:00,71
8/13/2013 03:10,71
8/13/2013 03:20,71
8/13/2013 03:30,72
8/13/2013 03:40,71
8/13/2013 03:50,70
8/13/2013 04:00,72
8/13/2013 04:10,71
8/13/2013 04:20,71
8/13/2013 04:30,72
8/13/2013 04:40,71
8/13/2013 04:50,72
8/13/2013 05:00,71
8/13/2013 05:10,71
8/13/2013 05:20,71
8/13/2013 05:30,71
8/13/2013 05:40,71
8/13/2013 05:50,71
8/13/2013 06:00,71
8/13/2013 06:10,71
8/13/2013 06:20,69
8/13/2013 06:30,69
8/13/2013 06:40,69
8/13/2013 06:50,68
8/13/2013 07:00,67
8/13/2013 07:10,67
8/13/2013 07:20,66
8/13/2013 07:30,66
8/13/2013 07:40,67
8/13/2013 07:50,65
8/13/2013 08:00,63
8/13/2013 08:10,60
8/13/2013 08:20,63
8/13/2013 08:30,61
8/13/2013 08:40,58
8/13/2013 08:50,63
8/13/2013 09:00,62
8/13/2013 09:10,61
8/13/2013 09:20,61
8/13/2013 09:30,62
8/13/2013 09:40,62
8/13/2013 09:50,61
8/13/2013 10:00,59
8/13/2013 10:10,61
8/13/2013 10:20,60
8/13/2013 10:30,58
8/13/2013 10:40,61
8/13/2013 10:50,58
8/13/2013 11:00,58
8/13/2013 11:10,61
8/13/2013 11:20,56
8/13/2013 11:30,59
8/13/2013 11:40,56
8/13/2013 11:50,58
8/13/2013 12:00,55
8/13/2013 12:10,59
8/13/2013 12:20,58
8/13/2013 12:30,58
8/13/2013 12:40,59
8/13/2013 12:50,58
8/13/2013 13:00,57
8/13/2013 13:10,57
8/13/2013 13:20,56
8/13/2013 13:30,54
8/13/2013 13:40,59
8/13/2013 13:50,55
8/13/2013 14:00,57
8/13/2013 14:10,58
8/13/2013 14:20,60
8/13/2013 14:30,60
8/13/2013 14:40,59
8/13/2013 14:50,60
8/13/2013 15:00,59
8/13/2013 15:10,60
8/13/2013 15:20,60
8/13/2013 15:30,59
8/13/2013 15:40,61
8/13/2013 15:50,61
8/13/2013 16:00,62
8/13/2013 16:10,62
8/13/2013 16:20,62
8/13/2013 16:30,59
8/13/2013 16:40,56
8/13/2013 16:50,57
8/13/2013 17:00,60
8/13/2013 17:10,62
8/13/2013 17:20,55
8/13/2013 17:30,52
8/13/2013 17:40,58
8/13/2013 17:50,59
8/13/2013 18:00,62
8/13/2013 18:10,63
8/13/2013 18:20,63
8/13/2013 18:30,61
8/13/2013 18:40,60
8/13/2013 18:50,60
8/13/2013 19:00,61
8/13/2013 19:10,61
8/13/2013 19:20,61
8/13/2013 19:30,60
8/13/2013 19:40,62
8/13/2013 19:50,61
8/13/2013 20:00,62
8/13/2013 20:10,63
8/13/2013 20:20,64
8/13/2013 20:30,62
8/13/2013 20:40,60
8/13/2013 20:50,62
8/13/2013 21:00,60
8/13/2013 21:10,62
8/13/2013 21:20,63
8/13/2013 21:30,64
8/13/2013 21:40,63
8/13/2013 21:50,64
8/13/2013 22:00,64
8/13/2013 22:10,64
8/13/2013 22:20,64
8/13/2013 22:30,64
8/13/2013 22:40,64
8/13/2013 22:50,63
8/13/2013 23:00,63
8/13/2013 23:10,63
8/13/2013 23:20,63
8/13/2013 23:30,63
8/13/2013 23:40,63
8/13/2013 23:50,63
8/14/2013 00:00,63
8/14/2013 00:10,63
8/14/2013 00:20,63
8/14/2013 00:30,63
8/14/2013 00:40,63
8/14/2013 00:50,64
8/14/2013 01:00,64
8/14/2013 01:10,65
8/14/2013 01:20,65
8/14/2013 01:30,66
8/14/2013 01:40,66
8/14/2013 01:50,67
8/14/2013 02:00,68
8/14/2013 02:10,68
8/14/2013 02:20,69
8/14/2013 02:30,71
8/14/2013 02:40,72
8/14/2013 02:50,73
8/14/2013 03:00,74
8/14/2013 03:10,76
8/14/2013 03:20,77
8/14/2013 03:30,78
